Workbook

Sheet 11.2.2-catch
A1: Year | B1: 0 | C1: 1 | D1: 2 | E1: 3
A2: 1974 | B2: 6029179 | C2: 41247793 | D2: 4717275 | E2: 573197
A3: 1975 | B3: 6670522 | C3: 47021275 | D3: 16637746 | E3: 493175
A4: 1976 | B4: 17286283 | C4: 67897908 | D4: 4769430 | E4: 277806
A5: 1977 | B5: 21067473 | C5: 19534117 | D5: 11061896 | E5: 215236
A6: 1978 | B6: 12126361 | C6: 47503062 | D6: 2756102 | E6: 243071
A7: 1979 | B7: 8515090 | C7: 54622008 | D7: 3129084 | E7: 206489
A8: 1980 | B8: 2536060 | C8: 27519328 | D8: 29331610 | E8: 2469205
A9: 1981 | B9: 843662 | C9: 19717227 | D9: 4828293 | E9: 342688
A10: 1982 | B10: 3894967 | C10: 11773432 | D10: 1719454 | E10: 123737
A11: 1983 | B11: 9687209 | C11: 4750434 | D11: 1565548 | E11: 246765
A12: 1984 | B12: 1881718 | C12: 9622782 | D12: 675537 | E12: 8388
A13: 1985 | B13: 84760 | C13: 2096317 | D13: 2993626 | E13: 69234
... A52: 2024 | B52: 9763444 | C52: 3463141 | D52: 929439 | E52: 94406

Sheet 11.2.3-weight
A1: Year | B1: Season | C1: age0 | D1: age1 | E1: age2 | F1: age3
A2: 1974 | B2: 2 | C2: 0.0058 | D2: 0.0089 | E2: 0.015 | F2: 0.0197
A3: 1975 | B3: 2 | C3: 0.0075 | D3: 0.0111 | E3: 0.0168 | F3: 0.0216
A4: 1976 | B4: 2 | C4: 0.0043 | D4: 0.009 | E4: 0.0153 | F4: 0.019
A5: 1977 | B5: 2 | C5: 0.0059 | D5: 0.011 | E5: 0.0146 | F5: 0.0196
A6: 1978 | B6: 2 | C6: 0.0044 | D6: 0.0103 | E6: 0.0155 | F6: 0.0196
A7: 1979 | B7: 2 | C7: 0.0057 | D7: 0.0105 | E7: 0.015 | F7: 0.0173
A8: 1980 | B8: 2 | C8: 0.0051 | D8: 0.0052 | E8: 0.0069 | F8: 0.0083
A9: 1981 | B9: 2 | C9: 0.0082 | D9: 0.0126 | E9: 0.0153 | F9: 0.0194
A10: 1982 | B10: 2 | C10: 0.0071 | D10: 0.011 | E10: 0.016 | F10: 0.0219
A11: 1983 | B11: 2 | C11: 0.0042 | D11: 0.0124 | E11: 0.0169 | F11: 0.0211
A12: 1984 | B12: 2 | C12: 0.0053 | D12: 0.0122 | E12: 0.0168 | F12: 0.0164
A13: 1985 | B13: 2 | C13: 0.0051 | D13: 0.0093 | E13: 0.0135 | F13: 0.0197
... A52: 2024 | B52: 2 | C52: 0.0046 | D52: 0.0085 | E52: 0.0123 | F52: 0.0133

Sheet 11.6.1-nat mort
A1: Year | B1: age0 | C1: age1 | D1: age2 | E1: age3
A2: 1974 | B2: 1.3949 | C2: 1.1583 | D2: 1.0423 | E2: 0.9923
A3: 1975 | B3: 1.4239 | C3: 1.2021 | D3: 1.0813 | E3: 1.0313
A4: 1976 | B4: 1.429 | C4: 1.2097 | D4: 1.0894 | E4: 1.046
A5: 1977 | B5: 1.376 | C5: 1.179 | D5: 1.059 | E5: 1.0223
A6: 1978 | B6: 1.2557 | C6: 1.095 | D6: 0.9876 | E6: 0.951
A7: 1979 | B7: 1.3193 | C7: 1.2107 | D7: 1.0721 | E7: 1.0427
A8: 1980 | B8: 1.3673 | C8: 1.236 | D8: 1.0804 | E8: 1.0367
A9: 1981 | B9: 1.3324 | C9: 1.2167 | D9: 1.059 | E9: 0.9833
A10: 1982 | B10: 1.1804 | C10: 1.0303 | D10: 0.9163 | E10: 0.82
A11: 1983 | B11: 1.1584 | C11: 0.9983 | D11: 0.876 | E11: 0.7913
A12: 1984 | B12: 1.2266 | C12: 1.0414 | D12: 0.9103 | E12: 0.8256
A13: 1985 | B13: 1.3466 | C13: 1.1503 | D13: 0.9719 | E13: 0.8926
... A52: 2024 | B52: 1.4472 | C52: 1.3794 | D52: 1.252 | E52: 1.252

Sheet 11.6.3Num
A1: Year | B1: 0 | C1: 1 | D1: 2 | E1: 3
A2: 1974 | B2: 25074100 | C2: 131919000 | D2: 2724560 | E2: 4978830
A3: 1975 | B3: 32668800 | C3: 165674000 | D3: 1294110 | E3: 5944570
A4: 1976 | B4: 15101300 | C4: 73923700 | D4: 1552380 | E4: 685683
A5: 1977 | B5: 26184600 | C5: 126987000 | D5: 7566240 | E5: 976795
A6: 1978 | B6: 45249800 | C6: 233152000 | D6: 1940230 | E6: 908210
A7: 1979 | B7: 24881200 | C7: 125247000 | D7: 4378110 | E7: 7900520
A8: 1980 | B8: 14138100 | C8: 91984900 | D8: 3270520 | E8: 632308
A9: 1981 | B9: 40895600 | C9: 24363900 | D9: 2713430 | E9: 24198
A10: 1982 | B10: 24809300 | C10: 8280430 | D10: 3488130 | E10: 27879
A11: 1983 | B11: 33274800 | C11: 4842840 | D11: 1121230 | E11: 37094
A12: 1984 | B12: 16297200 | C12: 8109380 | D12: 722709 | E12: 99737
A13: 1985 | B13: 10690900 | C13: 3335350 | D13: 1283310 | E13: 99363
... A52: 2024 | B52: 18239400 | C52: 93071300 | D52: 5419530 | E52: 477335

Sheet 11.9.1 -maturity
A1: year | B1: Age0 | C1: Age1 | D1: Age2 | E1: Age3
A2: 1974 | B2: 0 | C2: 0.4093 | D2: 0.8719 | E2: 0.9468
A3: 1975 | B3: 0 | C3: 0.4093 | D3: 0.8719 | E3: 0.9468
A4: 1976 | B4: 0 | C4: 0.4093 | D4: 0.8719 | E4: 0.9468
A5: 1977 | B5: 0 | C5: 0.4093 | D5: 0.8719 | E5: 0.9468
A6: 1978 | B6: 0 | C6: 0.4093 | D6: 0.8719 | E6: 0.9468
A7: 1979 | B7: 0 | C7: 0.4093 | D7: 0.8719 | E7: 0.9468
A8: 1980 | B8: 0 | C8: 0.4093 | D8: 0.8719 | E8: 0.9468
A9: 1981 | B9: 0 | C9: 0.4093 | D9: 0.8719 | E9: 0.9468
A10: 1982 | B10: 0 | C10: 0.4093 | D10: 0.8719 | E10: 0.9468
A11: 1983 | B11: 0 | C11: 0.4093 | D11: 0.8719 | E11: 0.9468
A12: 1984 | B12: 0 | C12: 0.4093 | D12: 0.8719 | E12: 0.9468
A13: 1985 | B13: 0 | C13: 0.4093 | D13: 0.8719 | E13: 0.9468
... A52: 2024 | B52: 0 | C52: 0.4093 | D52: 0.8719 | E52: 0.9468

Sheet FM Estimated
A1: This table usies the F(1-2) from Table 11.6.4 and then offsets age 0 and age 3 by the average deviation that I calculated over to the right
A2: year | B2: 0 | C2: 1 | D2: 2 | E2: 3 | H2: These are proportions of catch/numbers | O2: These are instantaneous, if the value was > 1 I made the F be 2. | W2: What is the proption of F at age 2
A3: ='11.6.3Num'!A2 -> 1974 | B3: =C3*$W$208 -> 0.2156999 | C3: 1.152 | D3: 1.152 | E3: =D3*$Z$208 -> 1.8032085 | H3: Year | I3: Season | J3: 0 | K3: 1 | L3: 2 | M3: 3 | O3: 0 | P3: 1 | Q3: 2 | R3: 3
A4: ='11.6.3Num'!A3 -> 1975 | B4: =C4*$W$208 -> 0.33160115 | C4: 1.771 | D4: 1.771 | E4: =D4*$Z$208 -> 2.7721201 | H4: 1974 | I4: 1 | J4: 0 | K4: 0.13413862 | L4: 0.19250449 | M4: 0.86184102 | O4: 0 | P4: 0.12553116 | Q4: 0.17510938 | R4: 0.57761625 | W4: =IF($Q4>0,O4/$Q4,"") -> 0 | X4: =IF($Q4>0,P4/$Q4,"") -> 0.71687285 | Y4: =IF($Q4>0,Q4/$Q4,"") -> 1 | Z4: =IF($Q4>0,R4/$Q4,"") -> 3.2986025
A5: ='11.6.3Num'!A4 -> 1976 | B5: =C5*$W$208 -> 0.34751651 | C5: 1.856 | D5: 1.856 | E5: =D5*$Z$208 -> 2.9051693 | H5: 1974 | I5: 2 | J5: 0.0075143116 | K5: 0.19322666 | L5: 0.17401659 | M5: 0.18481701 | O5: 0.0074861497 | P5: 0.17570488 | Q5: 0.15971704 | R5: 0.16874362 | W5: =IF($Q5>0,O5/$Q5,"") -> 0.046871328 | X5: =IF($Q5>0,P5/$Q5,"") -> 1.100101 | Y5: =IF($Q5>0,Q5/$Q5,"") -> 1 | Z5: =IF($Q5>0,R5/$Q5,"") -> 1.0565161
A6: ='11.6.3Num'!A5 -> 1977 | B6: =C6*$W$208 -> 0.33834177 | C6: 1.807 | D6: 1.807 | E6: =D6*$Z$208 -> 2.8284703 | H6: 1974 | I6: 3 | J6: 0.016472079 | K6: 0.29340907 | L6: 0.65449611 | M6: 0.33253411 | O6: 0.016337156 | P6: 0.25428297 | Q6: 0.48029613 | R6: 0.28289579 | W6: =IF($Q6>0,O6/$Q6,"") -> 0.034014757 | X6: =IF($Q6>0,P6/$Q6,"") -> 0.52942957 | Y6: =IF($Q6>0,Q6/$Q6,"") -> 1 | Z6: =IF($Q6>0,R6/$Q6,"") -> 0.58900286
A7: ='11.6.3Num'!A6 -> 1978 | B7: =C7*$W$208 -> 0.23049182 | C7: 1.231 | D7: 1.231 | E7: =D7*$Z$208 -> 1.9268661 | H7: 1974 | I7: 4 | J7: 0.0098722019 | K7: 0.092173232 | L7: 0.25827951 | M7: 0.25556494 | O7: 0.0098236317 | P7: 0.088052842 | Q7: 0.22762069 | R7: 0.22552116 | W7: =IF($Q7>0,O7/$Q7,"") -> 0.043157903 | X7: =IF($Q7>0,P7/$Q7,"") -> 0.38684024 | Y7: =IF($Q7>0,Q7/$Q7,"") -> 1 | Z7: =IF($Q7>0,R7/$Q7,"") -> 0.99077621
A8: ='11.6.3Num'!A7 -> 1979 | B8: =C8*$W$208 -> 0.14454889 | C8: 0.772 | D8: 0.772 | E8: =D8*$Z$208 -> 1.2084002 | H8: 1975 | I8: 1 | J8: 0.0004864748 | K8: 0.29525134 | L8: 0.55285431 | M8: 0.32949779 | O8: 0.00048635649 | P8: 0.25565552 | Q8: 0.42469464 | R8: 0.28071513 | W8: =IF($Q8>0,O8/$Q8,"") -> 0.001145191 | X8: =IF($Q8>0,P8/$Q8,"") -> 0.60197491 | Y8: =IF($Q8>0,Q8/$Q8,"") -> 1 | Z8: =IF($Q8>0,R8/$Q8,"") -> 0.66098109
A9: ='11.6.3Num'!A8 -> 1980 | B9: =C9*$W$208 -> 0.44862584 | C9: 2.396 | D9: 2.396 | E9: =D9*$Z$208 -> 3.7504233 | H9: 1975 | I9: 2 | J9: 0.0036106836 | K9: 0.38263089 | L9: 0.73654024 | M9: 0.58920958 | O9: 0.0036041729 | P9: 0.31793539 | Q9: 0.52123252 | R9: 0.44523439 | W9: =IF($Q9>0,O9/$Q9,"") -> 0.0069147122 | X9: =IF($Q9>0,P9/$Q9,"") -> 0.60996844 | Y9: =IF($Q9>0,Q9/$Q9,"") -> 1 | Z9: =IF($Q9>0,R9/$Q9,"") -> 0.85419534
A10: ='11.6.3Num'!A9 -> 1981 | B10: =C10*$W$208 -> 0.20877204 | C10: 1.115 | D10: 1.115 | E10: =D10*$Z$208 -> 1.745293 | H10: 1975 | I10: 3 | J10: 0.023480913 | K10: 0.23928946 | L10: 1.5725206 | M10: 1.0671547 | O10: 0.023207381 | P10: 0.21281301 | Q10: =P10 -> 0.21281301 | R10: =Q10 -> 0.21281301 | W10: =IF($Q10>0,O10/$Q10,"") -> 0.10905058 | X10: =IF($Q10>0,P10/$Q10,"") -> 1 | Y10: =IF($Q10>0,Q10/$Q10,"") -> 1 | Z10: =IF($Q10>0,R10/$Q10,"") -> 1
A11: ='11.6.3Num'!A10 -> 1982 | B11: =C11*$W$208 -> 0.17169862 | C11: 0.917 | D11: 0.917 | E11: =D11*$Z$208 -> 1.4353665 | H11: 1975 | I11: 4 | J11: 0 | K11: 0 | L11: 0 | M11: 0 | O11: 0 | P11: 0 | Q11: 0 | R11: 0 | W11: =IF($Q11>0,O11/$Q11,"") | X11: =IF($Q11>0,P11/$Q11,"") | Y11: =IF($Q11>0,Q11/$Q11,"") | Z11: =IF($Q11>0,R11/$Q11,"")
A12: ='11.6.3Num'!A11 -> 1983 | B12: =C12*$W$208 -> 0.29265533 | C12: 1.563 | D12: 1.563 | E12: =D12*$Z$208 -> 2.4465407 | H12: 1976 | I12: 1 | J12: 0.0092458294 | K12: 0.35914396 | L12: 0.30821603 | M12: 0.29460723 | O12: 0.0092032182 | P12: 0.30172618 | Q12: 0.26524343 | R12: 0.25517593 | W12: =IF($Q12>0,O12/$Q12,"") -> 0.034697253 | X12: =IF($Q12>0,P12/$Q12,"") -> 1.1375444 | Y12: =IF($Q12>0,Q12/$Q12,"") -> 1 | Z12: =IF($Q12>0,R12/$Q12,"") -> 0.96204431
A13: ='11.6.3Num'!A12 -> 1984 | B13: =C13*$W$208 -> 0.15091503 | C13: 0.806 | D13: 0.806 | E13: =D13*$Z$208 -> 1.2616199 | H13: 1976 | I13: 2 | J13: 0.049265004 | K13: 0.38969599 | L13: 0.52351696 | M13: 0.40248567 | O13: 0.048071168 | P13: 0.32273726 | Q13: 0.40756669 | R13: 0.33134408 | W13: =IF($Q13>0,O13/$Q13,"") -> 0.11794676 | X13: =IF($Q13>0,P13/$Q13,"") -> 0.7918637 | Y13: =IF($Q13>0,Q13/$Q13,"") -> 1 | Z13: =IF($Q13>0,R13/$Q13,"") -> 0.81298126
A14: ='11.6.3Num'!A13 -> 1985 | B14: =C14*$W$208 -> 0.22056813 | C14: 1.178 | D14: 1.178 | E14: =D14*$Z$208 -> 1.8439059 | H14: 1976 | I14: 3 | J14: 0.075318407 | K14: 0.28240437 | L14: 0.39032323 | M14: 0.18269782 | O14: 0.072551866 | P14: 0.24603126 | Q14: 0.32316193 | R14: 0.16698016 | W14: =IF($Q14>0,O14/$Q14,"") -> 0.22450623 | X14: =IF($Q14>0,P14/$Q14,"") -> 0.76132502 | Y14: =IF($Q14>0,Q14/$Q14,"") -> 1 | Z14: =IF($Q14>0,R14/$Q14,"") -> 0.51670739
A15: ='11.6.3Num'!A14 -> 1986 | B15: =C15*$W$208 -> 0.18255851 | C15: 0.975 | D15: 0.975 | E15: =D15*$Z$208 -> 1.5261531 | H15: 1976 | I15: 4 | J15: 0 | K15: 0 | L15: 0 | M15: 0 | O15: 0 | P15: 0 | Q15: 0 | R15: 0 | W15: =IF($Q15>0,O15/$Q15,"") | X15: =IF($Q15>0,P15/$Q15,"") | Y15: =IF($Q15>0,Q15/$Q15,"") | Z15: =IF($Q15>0,R15/$Q15,"")
A16: ='11.6.3Num'!A15 -> 1987 | B16: =C16*$W$208 -> 0.059354921 | C16: 0.317 | D16: 0.317 | E16: =D16*$Z$208 -> 0.4961954 | H16: 1977 | I16: 1 | J16: 0.0070824773 | K16: 0.2437338 | L16: 0.46137731 | M16: 0.37163423 | O16: 0.0070574556 | P16: 0.21630378 | Q16: 0.36958523 | R16: 0.31039357 | W16: =IF($Q16>0,O16/$Q16,"") -> 0.019095611 | X16: =IF($Q16>0,P16/$Q16,"") -> 0.58526088 | Y16: =IF($Q16>0,Q16/$Q16,"") -> 1 | Z16: =IF($Q16>0,R16/$Q16,"") -> 0.839843
A17: ='11.6.3Num'!A16 -> 1988 | B17: =C17*$W$208 -> 0.21270407 | C17: 1.136 | D17: 1.136 | E17: =D17*$Z$208 -> 1.778164 | H17: 1977 | I17: 2 | J17: 0.0096242906 | K17: 0.20992274 | L17: 0.89868708 | M17: 0.58289917 | O17: 0.0095781254 | P17: 0.18935313 | Q17: 0.5928962 | R17: 0.44172252 | W17: =IF($Q17>0,O17/$Q17,"") -> 0.01615481 | X17: =IF($Q17>0,P17/$Q17,"") -> 0.31936978 | Y17: =IF($Q17>0,Q17/$Q17,"") -> 1 | Z17: =IF($Q17>0,R17/$Q17,"") -> 0.74502506
A18: ='11.6.3Num'!A17 -> 1989 | B18: =C18*$W$208 -> 0.055235652 | C18: 0.295 | D18: 0.295 | E18: =D18*$Z$208 -> 0.46175913 | H18: 1977 | I18: 3 | J18: 0.089984207 | K18: 0.15152747 | L18: 2.2531606 | M18: 1.4662275 | O18: 0.086054381 | P18: 0.14060572 | Q18: =P18 -> 0.14060572 | R18: =Q18 -> 0.14060572 | W18: =IF($Q18>0,O18/$Q18,"") -> 0.61202617 | X18: =IF($Q18>0,P18/$Q18,"") -> 1 | Y18: =IF($Q18>0,Q18/$Q18,"") -> 1 | Z18: =IF($Q18>0,R18/$Q18,"") -> 1
A19: ='11.6.3Num'!A18 -> 1990 | B19: =C19*$W$208 -> 0.26400769 | C19: 1.41 | D19: 1.41 | E19: =D19*$Z$208 -> 2.2070521 | H19: 1977 | I19: 4 | J19: 0 | K19: 0 | L19: 0 | M19: 0 | O19: 0 | P19: 0 | Q19: 0 | R19: 0 | W19: =IF($Q19>0,O19/$Q19,"") | X19: =IF($Q19>0,P19/$Q19,"") | Y19: =IF($Q19>0,Q19/$Q19,"") | Z19: =IF($Q19>0,R19/$Q19,"")
A20: ='11.6.3Num'!A19 -> 1991 | B20: =C20*$W$208 -> 0.11440333 | C20: 0.611 | D20: 0.611 | E20: =D20*$Z$208 -> 0.95638924 | H20: 1978 | I20: 1 | J20: 0.00072488778 | K20: 0.35394913 | L20: 0.07757103 | M20: 0.23706102 | O20: 0.00072462511 | P20: 0.29808933 | Q20: 0.074638706 | R20: 0.21105685 | W20: =IF($Q20>0,O20/$Q20,"") -> 0.0097084361 | X20: =IF($Q20>0,P20/$Q20,"") -> 3.9937634 | Y20: =IF($Q20>0,Q20/$Q20,"") -> 1 | Z20: =IF($Q20>0,R20/$Q20,"") -> 2.8277132
A21: ='11.6.3Num'!A20 -> 1992 | B21: =C21*$W$208 -> 0.14567233 | C21: 0.778 | D21: 0.778 | E21: =D21*$Z$208 -> 1.2177919 | H21: 1978 | I21: 2 | J21: 0.012193789 | K21: 0.2163853 | L21: 0.4742481 | M21: 0.58491975 | O21: 0.012119746 | P21: 0.19457509 | Q21: 0.37764717 | R21: 0.44284943 | W21: =IF($Q21>0,O21/$Q21,"") -> 0.032092775 | X21: =IF($Q21>0,P21/$Q21,"") -> 0.51522983 | Y21: =IF($Q21>0,Q21/$Q21,"") -> 1 | Z21: =IF($Q21>0,R21/$Q21,"") -> 1.1726539
A22: ='11.6.3Num'!A21 -> 1993 | B22: =C22*$W$208 -> 0.26101186 | C22: 1.394 | D22: 1.394 | E22: =D22*$Z$208 -> 2.1820075 | H22: 1978 | I22: 3 | J22: 0.019429687 | K22: 0.17138297 | L22: 1.2321434 | M22: 0.43984311 | O22: 0.019242147 | P22: 0.15750114 | Q22: =P22 -> 0.15750114 | R22: 0.35586253 | W22: =IF($Q22>0,O22/$Q22,"") -> 0.12217148 | X22: =IF($Q22>0,P22/$Q22,"") -> 1 | Y22: =IF($Q22>0,Q22/$Q22,"") -> 1 | Z22: =IF($Q22>0,R22/$Q22,"") -> 2.2594283
A23: ='11.6.3Num'!A22 -> 1994 | B23: =C23*$W$208 -> 0.12732286 | C23: 0.68 | D23: 0.68 | E23: =D23*$Z$208 -> 1.0643939 | H23: 1978 | I23: 4 | J23: 0 | K23: 0 | L23: 0 | M23: 0 | O23: 0 | P23: 0 | Q23: 0 | R23: 0 | W23: =IF($Q23>0,O23/$Q23,"") | X23: =IF($Q23>0,P23/$Q23,"") | Y23: =IF($Q23>0,Q23/$Q23,"") | Z23: =IF($Q23>0,R23/$Q23,"")
A24: ='11.6.3Num'!A23 -> 1995 | B24: =C24*$W$208 -> 0.24210067 | C24: 1.293 | D24: 1.293 | E24: =D24*$Z$208 -> 2.0239137 | H24: 1979 | I24: 1 | J24: 0.010170828 | K24: 0.21422852 | L24: 0.043832359 | M24: 0.2520148 | O24: 0.01011928 | P24: 0.19283609 | Q24: 0.042885604 | R24: 0.22276677 | W24: =IF($Q24>0,O24/$Q24,"") -> 0.23595983 | X24: =IF($Q24>0,P24/$Q24,"") -> 4.4965226 | Y24: =IF($Q24>0,Q24/$Q24,"") -> 1 | Z24: =IF($Q24>0,R24/$Q24,"") -> 5.1944416
A25: ='11.6.3Num'!A24 -> 1996 | B25: =C25*$W$208 -> 0.20633793 | C25: 1.102 | D25: 1.102 | E25: =D25*$Z$208 -> 1.7249443 | H25: 1979 | I25: 2 | J25: 0.0042317895 | K25: 0.11512671 | L25: 0.27242017 | M25: 0.24439201 | O25: 0.0042228481 | P25: 0.10874679 | Q25: 0.23846578 | R25: 0.21681944 | W25: =IF($Q25>0,O25/$Q25,"") -> 0.017708403 | X25: =IF($Q25>0,P25/$Q25,"") -> 0.45602683 | Y25: =IF($Q25>0,Q25/$Q25,"") -> 1 | Z25: =IF($Q25>0,R25/$Q25,"") -> 0.90922664
A26: ='11.6.3Num'!A25 -> 1997 | B26: =C26*$W$208 -> 0.1479192 | C26: 0.79 | D26: 0.79 | E26: =D26*$Z$208 -> 1.2365753 | H26: 1979 | I26: 3 | J26: 0.022705127 | K26: 0.10206838 | L26: 0.089024818 | M26: 0.21606238 | O26: 0.022449305 | P26: 0.097032199 | Q26: 0.08517713 | R26: 0.19431496 | W26: =IF($Q26>0,O26/$Q26,"") -> 0.26356024 | X26: =IF($Q26>0,P26/$Q26,"") -> 1.1391814 | Y26: =IF($Q26>0,Q26/$Q26,"") -> 1 | Z26: =IF($Q26>0,R26/$Q26,"") -> 2.2813043
A27: ='11.6.3Num'!A26 -> 1998 | B27: =C27*$W$208 -> 0.27074831 | C27: 1.446 | D27: 1.446 | E27: =D27*$Z$208 -> 2.2634024 | H27: 1979 | I27: 4 | J27: 0 | K27: 0 | L27: 0 | M27: 0 | O27: 0 | P27: 0 | Q27: 0 | R27: 0 | W27: =IF($Q27>0,O27/$Q27,"") | X27: =IF($Q27>0,P27/$Q27,"") | Y27: =IF($Q27>0,Q27/$Q27,"") | Z27: =IF($Q27>0,R27/$Q27,"")
A28: ='11.6.3Num'!A27 -> 1999 | B28: =C28*$W$208 -> 0.14548509 | C28: 0.777 | D28: 0.777 | E28: =D28*$Z$208 -> 1.2162266 | H28: 1980 | I28: 1 | J28: 0 | K28: 0.15478147 | L28: 0.5326786 | M28: 0.7434809 | O28: 0 | P28: 0.14339765 | Q28: 0.41296956 | R28: 0.52454398 | W28: =IF($Q28>0,O28/$Q28,"") -> 0 | X28: =IF($Q28>0,P28/$Q28,"") -> 0.3472354 | Y28: =IF($Q28>0,Q28/$Q28,"") -> 1 | Z28: =IF($Q28>0,R28/$Q28,"") -> 1.2701759
A29: ='11.6.3Num'!A28 -> 2000 | B29: =C29*$W$208 -> 0.24659442 | C29: 1.317 | D29: 1.317 | E29: =D29*$Z$208 -> 2.0614806 | H29: 1980 | I29: 2 | J29: 0 | K29: 0.28193485 | L29: 1.2876209 | M29: 1.6236609 | O29: 0 | P29: 0.24567717 | Q29: =P29 -> 0.24567717 | R29: =Q29 -> 0.24567717 | W29: =IF($Q29>0,O29/$Q29,"") -> 0 | X29: =IF($Q29>0,P29/$Q29,"") -> 1 | Y29: =IF($Q29>0,Q29/$Q29,"") -> 1 | Z29: =IF($Q29>0,R29/$Q29,"") -> 1
A30: ='11.6.3Num'!A29 -> 2001 | B30: =C30*$W$208 -> 0.24453478 | C30: 1.306 | D30: 1.306 | E30: =D30*$Z$208 -> 2.0442624 | H30: 1980 | I30: 3 | J30: 0.027214448 | K30: 0.27562744 | L30: 0.30013017 | M30: 0.11027683 | O30: 0.026847472 | P30: 0.24090431 | Q30: 0.2592782 | R30: 0.10441382 | W30: =IF($Q30>0,O30/$Q30,"") -> 0.10354697 | X30: =IF($Q30>0,P30/$Q30,"") -> 0.92913447 | Y30: =IF($Q30>0,Q30/$Q30,"") -> 1 | Z30: =IF($Q30>0,R30/$Q30,"") -> 0.40270961
A31: ='11.6.3Num'!A30 -> 2002 | B31: =C31*$W$208 -> 0.27187175 | C31: 1.452 | D31: 1.452 | E31: =D31*$Z$208 -> 2.2727941 | H31: 1980 | I31: 4 | J31: 0 | K31: 0 | L31: 0 | M31: 0 | O31: 0 | P31: 0 | Q31: 0 | R31: 0 | W31: =IF($Q31>0,O31/$Q31,"") | X31: =IF($Q31>0,P31/$Q31,"") | Y31: =IF($Q31>0,Q31/$Q31,"") | Z31: =IF($Q31>0,R31/$Q31,"")
A32: ='11.6.3Num'!A31 -> 2003 | B32: =C32*$W$208 -> 0.21869573 | C32: 1.168 | D32: 1.168 | E32: =D32*$Z$208 -> 1.8282531 | H32: 1981 | I32: 1 | J32: 0.0070085831 | K32: 0.25230823 | L32: 0.24168947 | M32: 0.2568551 | O32: 0.0069840802 | P32: 0.22299479 | Q32: 0.2147 | R32: 0.22651972 | W32: =IF($Q32>0,O32/$Q32,"") -> 0.032529484 | X32: =IF($Q32>0,P32/$Q32,"") -> 1.0386343 | Y32: =IF($Q32>0,Q32/$Q32,"") -> 1 | Z32: =IF($Q32>0,R32/$Q32,"") -> 1.0550523
A33: ='11.6.3Num'!A32 -> 2004 | B33: =C33*$W$208 -> 0.32748188 | C33: 1.749 | D33: 1.749 | E33: =D33*$Z$208 -> 2.7376838 | H33: 1981 | I33: 2 | J33: 0.00099355432 | K33: 0.14532718 | L33: 1.1149317 | M33: 0.83495739 | O33: 0.00099306091 | P33: 0.13526068 | Q33: =P33 -> 0.13526068 | R33: 0.56610703 | W33: =IF($Q33>0,O33/$Q33,"") -> 0.0073418298 | X33: =IF($Q33>0,P33/$Q33,"") -> 1 | Y33: =IF($Q33>0,Q33/$Q33,"") -> 1 | Z33: =IF($Q33>0,R33/$Q33,"") -> 4.1853037
A34: ='11.6.3Num'!A33 -> 2005 | B34: =C34*$W$208 -> 0.21738506 | C34: 1.161 | D34: 1.161 | E34: =D34*$Z$208 -> 1.8172961 | H34: 1981 | I34: 3 | J34: 0.013305295 | K34: 0.2780245 | L34: 0.33338755 | M34: 0.11688852 | O34: 0.013217171 | P34: 0.24272173 | Q34: 0.28350754 | R34: 0.11031563 | W34: =IF($Q34>0,O34/$Q34,"") -> 0.046620175 | X34: =IF($Q34>0,P34/$Q34,"") -> 0.85613855 | Y34: =IF($Q34>0,Q34/$Q34,"") -> 1 | Z34: =IF($Q34>0,R34/$Q34,"") -> 0.38911004
A35: ='11.6.3Num'!A34 -> 2006 | B35: =C35*$W$208 -> 0.25670535 | C35: 1.371 | D35: 1.371 | E35: =D35*$Z$208 -> 2.146006 | H35: 1981 | I35: 4 | J35: 0 | K35: 0 | L35: 0 | M35: 0 | O35: 0 | P35: 0 | Q35: 0 | R35: 0 | W35: =IF($Q35>0,O35/$Q35,"") | X35: =IF($Q35>0,P35/$Q35,"") | Y35: =IF($Q35>0,Q35/$Q35,"") | Z35: =IF($Q35>0,R35/$Q35,"")
A36: ='11.6.3Num'!A35 -> 2007 | B36: =C36*$W$208 -> 0.23442385 | C36: 1.252 | D36: 1.252 | E36: =D36*$Z$208 -> 1.959737 | H36: 1982 | I36: 1 | J36: 0.014695346 | K36: 0.40702925 | L36: 0.082243081 | M36: 0.12090036 | O36: 0.014587897 | P36: 0.33437528 | Q36: 0.078951958 | R36: 0.11387775 | W36: =IF($Q36>0,O36/$Q36,"") -> 0.18476928 | X36: =IF($Q36>0,P36/$Q36,"") -> 4.235174 | Y36: =IF($Q36>0,Q36/$Q36,"") -> 1 | Z36: =IF($Q36>0,R36/$Q36,"") -> 1.4423676
A37: ='11.6.3Num'!A36 -> 2008 | B37: =C37*$W$208 -> 0.18667778 | C37: 0.997 | D37: 0.997 | E37: =D37*$Z$208 -> 1.5605893 | H37: 1982 | I37: 2 | J37: 0.032992668 | K37: 0.60637938 | L37: 0.30702984 | M37: 0.19847271 | O37: 0.032454346 | P37: 0.4546783 | Q37: 0.26437135 | R37: 0.18001785 | W37: =IF($Q37>0,O37/$Q37,"") -> 0.12276045 | X37: =IF($Q37>0,P37/$Q37,"") -> 1.7198471 | Y37: =IF($Q37>0,Q37/$Q37,"") -> 1 | Z37: =IF($Q37>0,R37/$Q37,"") -> 0.68092798
A38: ='11.6.3Num'!A37 -> 2009 | B38: =C38*$W$208 -> 0.11627573 | C38: 0.621 | D38: 0.621 | E38: =D38*$Z$208 -> 0.9720421 | H38: 1982 | I38: 3 | J38: 0.1391137 | K38: 0.075999788 | L38: 0.031915342 | M38: 0.030193237 | O38: 0.12987091 | P38: 0.073183597 | Q38: 0.031411423 | R38: 0.029741974 | W38: =IF($Q38>0,O38/$Q38,"") -> 4.1345122 | X38: =IF($Q38>0,P38/$Q38,"") -> 2.3298402 | Y38: =IF($Q38>0,Q38/$Q38,"") -> 1 | Z38: =IF($Q38>0,R38/$Q38,"") -> 0.94685217
A39: ='11.6.3Num'!A38 -> 2010 | B39: =C39*$W$208 -> 0.133689 | C39: 0.714 | D39: 0.714 | E39: =D39*$Z$208 -> 1.1176136 | H39: 1982 | I39: 4 | J39: 0 | K39: 0 | L39: 0 | M39: 0 | O39: 0 | P39: 0 | Q39: 0 | R39: 0 | W39: =IF($Q39>0,O39/$Q39,"") | X39: =IF($Q39>0,P39/$Q39,"") | Y39: =IF($Q39>0,Q39/$Q39,"") | Z39: =IF($Q39>0,R39/$Q39,"")
A40: ='11.6.3Num'!A39 -> 2011 | B40: =C40*$W$208 -> 0.11365437 | C40: 0.607 | D40: 0.607 | E40: =D40*$Z$208 -> 0.9501281 | H40: 1983 | I40: 1 | J40: 0.11113146 | K40: 0.25433422 | L40: 0.30968007 | M40: 0.16914686 | O40: 0.10517889 | P40: 0.22456741 | Q40: 0.26631835 | R40: 0.15561511 | W40: =IF($Q40>0,O40/$Q40,"") -> 0.39493671 | X40: =IF($Q40>0,P40/$Q40,"") -> 0.84322919 | Y40: =IF($Q40>0,Q40/$Q40,"") -> 1 | Z40: =IF($Q40>0,R40/$Q40,"") -> 0.5843199
A41: ='11.6.3Num'!A40 -> 2012 | B41: =C41*$W$208 -> 0.20708688 | C41: 1.106 | D41: 1.106 | E41: =D41*$Z$208 -> 1.7312054 | H41: 1983 | I41: 2 | J41: 0.071398265 | K41: 0.27552696 | L41: 0.52502876 | M41: 0.24561867 | O41: 0.068909003 | P41: 0.24082804 | Q41: 0.40846165 | R41: 0.21777955 | W41: =IF($Q41>0,O41/$Q41,"") -> 0.16870373 | X41: =IF($Q41>0,P41/$Q41,"") -> 0.58959767 | Y41: =IF($Q41>0,Q41/$Q41,"") -> 1 | Z41: =IF($Q41>0,R41/$Q41,"") -> 0.53317012
A42: ='11.6.3Num'!A41 -> 2013 | B42: =C42*$W$208 -> 0.12170567 | C42: 0.65 | D42: 0.65 | E42: =D42*$Z$208 -> 1.0174354 | H42: 1983 | I42: 3 | J42: 0.069725774 | K42: 0.22902042 | L42: 0.024894632 | M42: 0 | O42: 0.067350458 | P42: 0.20468771 | Q42: 0.024587316 | R42: 0 | W42: =IF($Q42>0,O42/$Q42,"") -> 2.7392359 | X42: =IF($Q42>0,P42/$Q42,"") -> 8.3249311 | Y42: =IF($Q42>0,Q42/$Q42,"") -> 1 | Z42: =IF($Q42>0,R42/$Q42,"") -> 0
A43: ='11.6.3Num'!A42 -> 2014 | B43: =C43*$W$208 -> 0.092683551 | C43: 0.495 | D43: 0.495 | E43: =D43*$Z$208 -> 0.77481616 | H43: 1983 | I43: 4 | J43: 0 | K43: 0 | L43: 0 | M43: 0 | O43: 0 | P43: 0 | Q43: 0 | R43: 0 | W43: =IF($Q43>0,O43/$Q43,"") | X43: =IF($Q43>0,P43/$Q43,"") | Y43: =IF($Q43>0,Q43/$Q43,"") | Z43: =IF($Q43>0,R43/$Q43,"")
A44: ='11.6.3Num'!A43 -> 2015 | B44: =C44*$W$208 -> 0.18855017 | C44: 1.007 | D44: 1.007 | E44: =D44*$Z$208 -> 1.5762422 | H44: 1984 | I44: 1 | J44: 0.038265433 | K44: 0.42931257 | L44: 0.28020967 | M44: 0.013472528 | O44: 0.037542561 | P44: 0.34904357 | Q44: 0.24437471 | R44: 0.01338218 | W44: =IF($Q44>0,O44/$Q44,"") -> 0.15362703 | X44: =IF($Q44>0,P44/$Q44,"") -> 1.428313 | Y44: =IF($Q44>0,Q44/$Q44,"") -> 1 | Z44: =IF($Q44>0,R44/$Q44,"") -> 0.054760904
A45: ='11.6.3Num'!A44 -> 2016 | B45: =C45*$W$208 -> 0.36043603 | C45: 1.925 | D45: 1.925 | E45: =D45*$Z$208 -> 3.013174 | H45: 1984 | I45: 2 | J45: 0.03202182 | K45: 0.31264462 | L45: 0.34267458 | M45: 0.048156652 | O45: 0.03151455 | P45: 0.26849017 | Q45: 0.29013082 | R45: 0.047015512 | W45: =IF($Q45>0,O45/$Q45,"") -> 0.10862186 | X45: =IF($Q45>0,P45/$Q45,"") -> 0.92541071 | Y45: =IF($Q45>0,Q45/$Q45,"") -> 1 | Z45: =IF($Q45>0,R45/$Q45,"") -> 0.16204935
... A51: ='11.6.3Num'!A50 -> 2022 | B51: =C51*$W$208 -> 0.10972235 | C51: 0.586 | D51: 0.586 | E51: =D51*$Z$208 -> 0.91725712 | H51: 1985 | I51: 4 | J51: 0 | K51: 0 | L51: 0 | M51: 0 | O51: 0 | P51: 0 | Q51: 0 | R51: 0 | W51: =IF($Q51>0,O51/$Q51,"") | X51: =IF($Q51>0,P51/$Q51,"") | Y51: =IF($Q51>0,Q51/$Q51,"") | Z51: =IF($Q51>0,R51/$Q51,"")
A52: ='11.6.3Num'!A51 -> 2023 | B52: =C52*$W$208 -> 0.47015838 | C52: 2.511 | D52: 2.511 | E52: =D52*$Z$208 -> 3.9304311 | H52: 1986 | I52: 1 | J52: 0 | K52: 0.042185542 | L52: 0.42858969 | M52: 1.3606545 | O52: 0 | P52: 0.041308114 | Q52: 0.34857284 | R52: =Q52 -> 0.34857284 | W52: =IF($Q52>0,O52/$Q52,"") -> 0 | X52: =IF($Q52>0,P52/$Q52,"") -> 0.11850641 | Y52: =IF($Q52>0,Q52/$Q52,"") -> 1 | Z52: =IF($Q52>0,R52/$Q52,"") -> 1
A53: ='11.6.3Num'!A52 -> 2024 | B53: =C53*$W$208 -> 0.11215646 | C53: 0.599 | D53: 0.599 | E53: =D53*$Z$208 -> 0.93760582 | H53: 1986 | I53: 2 | J53: 0 | K53: 0.077872457 | L53: 0.89087553 | M53: 2.5959726 | O53: 0 | P53: 0.074917593 | Q53: 0.58970363 | R53: =Q53 -> 0.58970363 | W53: =IF($Q53>0,O53/$Q53,"") -> 0 | X53: =IF($Q53>0,P53/$Q53,"") -> 0.12704279 | Y53: =IF($Q53>0,Q53/$Q53,"") -> 1 | Z53: =IF($Q53>0,R53/$Q53,"") -> 1
H54: 1986 | I54: 3 | J54: 0.023908307 | K54: 0.051924506 | L54: 0.0044935633 | M54: 0 | O54: 0.023624768 | P54: 0.050599461 | Q54: 0.0044834823 | R54: 0 | W54: =IF($Q54>0,O54/$Q54,"") -> 5.2692898 | X54: =IF($Q54>0,P54/$Q54,"") -> 11.28575 | Y54: =IF($Q54>0,Q54/$Q54,"") -> 1 | Z54: =IF($Q54>0,R54/$Q54,"") -> 0
H55: 1986 | I55: 4 | J55: 0 | K55: 0 | L55: 0 | M55: 0 | O55: 0 | P55: 0 | Q55: 0 | R55: 0 | W55: =IF($Q55>0,O55/$Q55,"") | X55: =IF($Q55>0,P55/$Q55,"") | Y55: =IF($Q55>0,Q55/$Q55,"") | Z55: =IF($Q55>0,R55/$Q55,"")
H56: 1987 | I56: 1 | J56: 6.3231539e-05 | K56: 0.16070456 | L56: 0.19594934 | M56: 0.021182886 | O56: 6.322954e-05 | P56: 0.14845639 | Q56: 0.17794612 | R56: 0.020960104 | W56: =IF($Q56>0,O56/$Q56,"") -> 0.0003553297 | X56: =IF($Q56>0,P56/$Q56,"") -> 0.83427718 | Y56: =IF($Q56>0,Q56/$Q56,"") -> 1 | Z56: =IF($Q56>0,R56/$Q56,"") -> 0.11778905
H57: 1987 | I57: 2 | J57: 0.0023085829 | K57: 0.22782983 | L57: 0.75029019 | M57: 0.014103193 | O57: 0.0023059202 | P57: 0.20374025 | Q57: 0.52777051 | R57: 0.014004209 | W57: =IF($Q57>0,O57/$Q57,"") -> 0.0043691721 | X57: =IF($Q57>0,P57/$Q57,"") -> 0.38603948 | Y57: =IF($Q57>0,Q57/$Q57,"") -> 1 | Z57: =IF($Q57>0,R57/$Q57,"") -> 0.026534656
H58: 1987 | I58: 3 | J58: 0.015588812 | K58: 0.16099275 | L58: 0.16572539 | M58: 0.783708 | O58: 0.015467936 | P58: 0.14870176 | Q58: 0.15272113 | R58: 0.54329061 | W58: =IF($Q58>0,O58/$Q58,"") -> 0.10128223 | X58: =IF($Q58>0,P58/$Q58,"") -> 0.97368165 | Y58: =IF($Q58>0,Q58/$Q58,"") -> 1 | Z58: =IF($Q58>0,R58/$Q58,"") -> 3.5574031
H59: 1987 | I59: 4 | J59: 0 | K59: 0 | L59: 0 | M59: 0 | O59: 0 | P59: 0 | Q59: 0 | R59: 0 | W59: =IF($Q59>0,O59/$Q59,"") | X59: =IF($Q59>0,P59/$Q59,"") | Y59: =IF($Q59>0,Q59/$Q59,"") | Z59: =IF($Q59>0,R59/$Q59,"")
H60: 1988 | I60: 1 | J60: 0.080494091 | K60: 0.27169697 | L60: 0.8655817 | M60: 0.2537511 | O60: 0.077339644 | P60: 0.23791484 | Q60: 0.5791933 | R60: 0.2241151 | W60: =IF($Q60>0,O60/$Q60,"") -> 0.13352993 | X60: =IF($Q60>0,P60/$Q60,"") -> 0.41076932 | Y60: =IF($Q60>0,Q60/$Q60,"") -> 1 | Z60: =IF($Q60>0,R60/$Q60,"") -> 0.38694354
H61: 1988 | I61: 2 | J61: 0.038788327 | K61: 0.091944945 | L61: 0.41945596 | M61: 0.15872098 | O61: 0.038045693 | P61: 0.087844633 | Q61: 0.34259563 | R61: 0.1467656 | W61: =IF($Q61>0,O61/$Q61,"") -> 0.11105131 | X61: =IF($Q61>0,P61/$Q61,"") -> 0.25640909 | Y61: =IF($Q61>0,Q61/$Q61,"") -> 1 | Z61: =IF($Q61>0,R61/$Q61,"") -> 0.4283931
H62: 1988 | I62: 3 | J62: 0.097890536 | K62: 0.34501012 | L62: 0.3223487 | M62: 0.24415296 | O62: 0.093251846 | P62: 0.29178681 | Q62: 0.27555447 | R62: 0.2166322 | W62: =IF($Q62>0,O62/$Q62,"") -> 0.33841529 | X62: =IF($Q62>0,P62/$Q62,"") -> 1.0589079 | Y62: =IF($Q62>0,Q62/$Q62,"") -> 1 | Z62: =IF($Q62>0,R62/$Q62,"") -> 0.78616833
H63: 1988 | I63: 4 | J63: 0 | K63: 0 | L63: 0 | M63: 0 | O63: 0 | P63: 0 | Q63: 0 | R63: 0 | W63: =IF($Q63>0,O63/$Q63,"") | X63: =IF($Q63>0,P63/$Q63,"") | Y63: =IF($Q63>0,Q63/$Q63,"") | Z63: =IF($Q63>0,R63/$Q63,"")
H64: 1989 | I64: 1 | J64: 0.00029163827 | K64: 0.16729632 | L64: 3.4720094 | M64: 0.025692197 | O64: 0.00029159574 | P64: 0.1540511 | Q64: =P64 -> 0.1540511 | R64: 0.025364961 | W64: =IF($Q64>0,O64/$Q64,"") -> 0.0018928508 | X64: =IF($Q64>0,P64/$Q64,"") -> 1 | Y64: =IF($Q64>0,Q64/$Q64,"") -> 1 | Z64: =IF($Q64>0,R64/$Q64,"") -> 0.1646529
H65: 1989 | I65: 2 | J65: 3.0794038e-05 | K65: 0.013367048 | L65: 0.15632087 | M65: 0.0025743126 | O65: 3.0793564e-05 | P65: 0.013278105 | Q65: 0.14471528 | R65: 0.0025710019 | W65: =IF($Q65>0,O65/$Q65,"") -> 0.00021278722 | X65: =IF($Q65>0,P65/$Q65,"") -> 0.091753303 | Y65: =IF($Q65>0,Q65/$Q65,"") -> 1 | Z65: =IF($Q65>0,R65/$Q65,"") -> 0.017765932
H66: 1989 | I66: 3 | J66: 0.029144762 | K66: 0.10928469 | L66: 0.10262121 | M66: 0.15992324 | O66: 0.02872415 | P66: 0.10352484 | Q66: 0.097531243 | R66: 0.1477908 | W66: =IF($Q66>0,O66/$Q66,"") -> 0.29451229 | X66: =IF($Q66>0,P66/$Q66,"") -> 1.0614531 | Y66: =IF($Q66>0,Q66/$Q66,"") -> 1 | Z66: =IF($Q66>0,R66/$Q66,"") -> 1.5153175
H67: 1989 | I67: 4 | J67: 0 | K67: 0 | L67: 0 | M67: 0 | O67: 0 | P67: 0 | Q67: 0 | R67: 0 | W67: =IF($Q67>0,O67/$Q67,"") | X67: =IF($Q67>0,P67/$Q67,"") | Y67: =IF($Q67>0,Q67/$Q67,"") | Z67: =IF($Q67>0,R67/$Q67,"")
H68: 1990 | I68: 1 | J68: 2.5624809e-05 | K68: 0.29422121 | L68: 0.97680762 | M68: 1.3630716 | O68: 2.5624481e-05 | P68: 0.25488835 | Q68: 0.62348885 | R68: =Q68 -> 0.62348885 | W68: =IF($Q68>0,O68/$Q68,"") -> 4.1098539e-05 | X68: =IF($Q68>0,P68/$Q68,"") -> 0.4088098 | Y68: =IF($Q68>0,Q68/$Q68,"") -> 1 | Z68: =IF($Q68>0,R68/$Q68,"") -> 1
H69: 1990 | I69: 2 | J69: 3.2832933e-05 | K69: 0.54276811 | L69: 2.1211065 | M69: 2.6788813 | O69: 3.2832394e-05 | P69: 0.41886263 | Q69: =P69 -> 0.41886263 | R69: =Q69 -> 0.41886263 | W69: =IF($Q69>0,O69/$Q69,"") -> 7.8384633e-05 | X69: =IF($Q69>0,P69/$Q69,"") -> 1 | Y69: =IF($Q69>0,Q69/$Q69,"") -> 1 | Z69: =IF($Q69>0,R69/$Q69,"") -> 1
H70: 1990 | I70: 3 | J70: 0.012333364 | K70: 0.03215709 | L70: 0.0086328823 | M70: 0.016905072 | O70: 0.01225762 | P70: 0.031645549 | Q70: 0.008595726 | R70: 0.016762983 | W70: =IF($Q70>0,O70/$Q70,"") -> 1.4260134 | X70: =IF($Q70>0,P70/$Q70,"") -> 3.6815446 | Y70: =IF($Q70>0,Q70/$Q70,"") -> 1 | Z70: =IF($Q70>0,R70/$Q70,"") -> 1.9501532
H71: 1990 | I71: 4 | J71: 0 | K71: 0 | L71: 0 | M71: 0 | O71: 0 | P71: 0 | Q71: 0 | R71: 0 | W71: =IF($Q71>0,O71/$Q71,"") | X71: =IF($Q71>0,P71/$Q71,"") | Y71: =IF($Q71>0,Q71/$Q71,"") | Z71: =IF($Q71>0,R71/$Q71,"")
H72: 1991 | I72: 1 | J72: 0.00038686508 | K72: 0.1296966 | L72: 2.4358618 | M72: 0.071558249 | O72: 0.00038679026 | P72: 0.12163812 | Q72: =P72 -> 0.12163812 | R72: 0.06905795 | W72: =IF($Q72>0,O72/$Q72,"") -> 0.0031798442 | X72: =IF($Q72>0,P72/$Q72,"") -> 1 | Y72: =IF($Q72>0,Q72/$Q72,"") -> 1 | Z72: =IF($Q72>0,R72/$Q72,"") -> 0.56773282
H73: 1991 | I73: 2 | J73: 0.023466378 | K73: 0.41684178 | L73: 1.2135491 | M73: 0.15785747 | O73: 0.023193184 | P73: 0.3408748 | Q73: =P73 -> 0.3408748 | R73: 0.14602851 | W73: =IF($Q73>0,O73/$Q73,"") -> 0.068040184 | X73: =IF($Q73>0,P73/$Q73,"") -> 1 | Y73: =IF($Q73>0,Q73/$Q73,"") -> 1 | Z73: =IF($Q73>0,R73/$Q73,"") -> 0.42839339
H74: 1991 | I74: 3 | J74: 0.0047544201 | K74: 0.014197786 | L74: 0.0040831448 | M74: 0.0033014306 | O74: 0.0047431357 | P74: 0.014097473 | Q74: 0.0040748201 | R74: 0.0032959869 | W74: =IF($Q74>0,O74/$Q74,"") -> 1.1640111 | X74: =IF($Q74>0,P74/$Q74,"") -> 3.4596553 | Y74: =IF($Q74>0,Q74/$Q74,"") -> 1 | Z74: =IF($Q74>0,R74/$Q74,"") -> 0.80886685
H75: 1991 | I75: 4 | J75: 0 | K75: 0 | L75: 0 | M75: 0 | O75: 0 | P75: 0 | Q75: 0 | R75: 0 | W75: =IF($Q75>0,O75/$Q75,"") | X75: =IF($Q75>0,P75/$Q75,"") | Y75: =IF($Q75>0,Q75/$Q75,"") | Z75: =IF($Q75>0,R75/$Q75,"")
H76: 1992 | I76: 1 | J76: 0.0001856464 | K76: 0.39343848 | L76: 0.5228299 | M76: 1.1378921 | O76: 0.00018562917 | P76: 0.32526717 | Q76: 0.40715951 | R76: =Q76 -> 0.40715951 | W76: =IF($Q76>0,O76/$Q76,"") -> 0.00045591265 | X76: =IF($Q76>0,P76/$Q76,"") -> 0.79886916 | Y76: =IF($Q76>0,Q76/$Q76,"") -> 1 | Z76: =IF($Q76>0,R76/$Q76,"") -> 1
H77: 1992 | I77: 2 | J77: 0.0033579391 | K77: 0.089416256 | L77: 0.106882 | M77: 0.20660753 | O77: 0.0033523076 | P77: 0.085535157 | Q77: 0.10136829 | R77: 0.1866612 | W77: =IF($Q77>0,O77/$Q77,"") -> 0.033070574 | X77: =IF($Q77>0,P77/$Q77,"") -> 0.84380586 | Y77: =IF($Q77>0,Q77/$Q77,"") -> 1 | Z77: =IF($Q77>0,R77/$Q77,"") -> 1.8414161
H78: 1992 | I78: 3 | J78: 0.028044003 | K78: 0.18603629 | L78: 0.45941808 | M78: 0.16207713 | O78: 0.02765442 | P78: 0.16975653 | Q78: 0.36834889 | R78: 0.14962438 | W78: =IF($Q78>0,O78/$Q78,"") -> 0.075076702 | X78: =IF($Q78>0,P78/$Q78,"") -> 0.460858 | Y78: =IF($Q78>0,Q78/$Q78,"") -> 1 | Z78: =IF($Q78>0,R78/$Q78,"") -> 0.40620289
H79: 1992 | I79: 4 | J79: 0 | K79: 0 | L79: 0 | M79: 0 | O79: 0 | P79: 0 | Q79: 0 | R79: 0 | W79: =IF($Q79>0,O79/$Q79,"") | X79: =IF($Q79>0,P79/$Q79,"") | Y79: =IF($Q79>0,Q79/$Q79,"") | Z79: =IF($Q79>0,R79/$Q79,"")
H80: 1993 | I80: 1 | J80: 0.0019690011 | K80: 0.11529121 | L80: 1.1269962 | M80: 0.7566471 | O80: 0.0019670639 | P80: 0.10889339 | Q80: =P80 -> 0.10889339 | R80: 0.5307629 | W80: =IF($Q80>0,O80/$Q80,"") -> 0.018064125 | X80: =IF($Q80>0,P80/$Q80,"") -> 1 | Y80: =IF($Q80>0,Q80/$Q80,"") -> 1 | Z80: =IF($Q80>0,R80/$Q80,"") -> 4.8741515
H81: 1993 | I81: 2 | J81: 0.016285258 | K81: 0.40866454 | L81: 0.72458326 | M81: 0.23261235 | O81: 0.01615337 | P81: 0.33546288 | Q81: 0.51547355 | R81: 0.20753929 | W81: =IF($Q81>0,O81/$Q81,"") -> 0.031336953 | X81: =IF($Q81>0,P81/$Q81,"") -> 0.65078582 | Y81: =IF($Q81>0,Q81/$Q81,"") -> 1 | Z81: =IF($Q81>0,R81/$Q81,"") -> 0.40261869
H82: 1993 | I82: 3 | J82: 0.028866312 | K82: 0.2684837 | L82: 0.62826137 | M82: 1.1660567 | O82: 0.02845366 | P82: 0.23546212 | Q82: 0.46648142 | R82: =Q82 -> 0.46648142 | W82: =IF($Q82>0,O82/$Q82,"") -> 0.060996342 | X82: =IF($Q82>0,P82/$Q82,"") -> 0.50476205 | Y82: =IF($Q82>0,Q82/$Q82,"") -> 1 | Z82: =IF($Q82>0,R82/$Q82,"") -> 1
H83: 1993 | I83: 4 | J83: 0 | K83: 0 | L83: 0 | M83: 0 | O83: 0 | P83: 0 | Q83: 0 | R83: 0 | W83: =IF($Q83>0,O83/$Q83,"") | X83: =IF($Q83>0,P83/$Q83,"") | Y83: =IF($Q83>0,Q83/$Q83,"") | Z83: =IF($Q83>0,R83/$Q83,"")
H84: 1994 | I84: 1 | J84: 0.0037750369 | K84: 1.0795033 | L84: 0.14325182 | M84: 0.36003345 | O84: 0.0037679204 | P84: =O84 -> 0.0037679204 | Q84: 0.13346417 | R84: 0.30234701 | W84: =IF($Q84>0,O84/$Q84,"") -> 0.0282317 | X84: =IF($Q84>0,P84/$Q84,"") -> 0.0282317 | Y84: =IF($Q84>0,Q84/$Q84,"") -> 1 | Z84: =IF($Q84>0,R84/$Q84,"") -> 2.2653796
H85: 1994 | I85: 2 | J85: 0.024675533 | K85: 0.34633496 | L85: 0.79092396 | M85: 0.9698003 | O85: 0.024373581 | P85: 0.29272447 | Q85: 0.54657434 | R85: 0.62084125 | W85: =IF($Q85>0,O85/$Q85,"") -> 0.04459335 | X85: =IF($Q85>0,P85/$Q85,"") -> 0.53556203 | Y85: =IF($Q85>0,Q85/$Q85,"") -> 1 | Z85: =IF($Q85>0,R85/$Q85,"") -> 1.135877
H86: 1994 | I86: 3 | J86: 0.014980288 | K86: 0.21415635 | L86: 0.62076562 | M86: 0.3243616 | O86: 0.014868642 | P86: 0.19277784 | Q86: 0.46246727 | R86: 0.27701124 | W86: =IF($Q86>0,O86/$Q86,"") -> 0.032150691 | X86: =IF($Q86>0,P86/$Q86,"") -> 0.41684644 | Y86: =IF($Q86>0,Q86/$Q86,"") -> 1 | Z86: =IF($Q86>0,R86/$Q86,"") -> 0.59898561
H87: 1994 | I87: 4 | J87: 0 | K87: 0 | L87: 0 | M87: 0 | O87: 0 | P87: 0 | Q87: 0 | R87: 0 | W87: =IF($Q87>0,O87/$Q87,"") | X87: =IF($Q87>0,P87/$Q87,"") | Y87: =IF($Q87>0,Q87/$Q87,"") | Z87: =IF($Q87>0,R87/$Q87,"")
H88: 1995 | I88: 1 | J88: 0.004948326 | K88: 0.74603233 | L88: 0.39154253 | M88: 0.6606512 | O88: 0.0049361032 | P88: 0.52575553 | Q88: 0.3239867 | R88: 0.48348513 | W88: =IF($Q88>0,O88/$Q88,"") -> 0.015235512 | X88: =IF($Q88>0,P88/$Q88,"") -> 1.6227689 | Y88: =IF($Q88>0,Q88/$Q88,"") -> 1 | Z88: =IF($Q88>0,R88/$Q88,"") -> 1.4922993
H89: 1995 | I89: 2 | J89: 0.028017048 | K89: 0.57270844 | L89: 0.89183902 | M89: 2.1357282 | O89: 0.02762821 | P89: 0.43600418 | Q89: 0.59009876 | R89: =Q89 -> 0.59009876 | W89: =IF($Q89>0,O89/$Q89,"") -> 0.046819638 | X89: =IF($Q89>0,P89/$Q89,"") -> 0.73886646 | Y89: =IF($Q89>0,Q89/$Q89,"") -> 1 | Z89: =IF($Q89>0,R89/$Q89,"") -> 1
H90: 1995 | I90: 3 | J90: 0.11433207 | K90: 0.52559317 | L90: 0.53583073 | M90: 1.8570228 | O90: 0.10803829 | P90: 0.40879542 | Q90: 0.41481704 | R90: =Q90 -> 0.41481704 | W90: =IF($Q90>0,O90/$Q90,"") -> 0.26044804 | X90: =IF($Q90>0,P90/$Q90,"") -> 0.98548368 | Y90: =IF($Q90>0,Q90/$Q90,"") -> 1 | Z90: =IF($Q90>0,R90/$Q90,"") -> 1
H91: 1995 | I91: 4 | J91: 0 | K91: 0 | L91: 0 | M91: 0 | O91: 0 | P91: 0 | Q91: 0 | R91: 0 | W91: =IF($Q91>0,O91/$Q91,"") | X91: =IF($Q91>0,P91/$Q91,"") | Y91: =IF($Q91>0,Q91/$Q91,"") | Z91: =IF($Q91>0,R91/$Q91,"")
H92: 1996 | I92: 1 | J92: 0.0047301136 | K92: 0.024059479 | L92: 0.16565012 | M92: 0.51825261 | O92: 0.0047189443 | P92: 0.023772357 | Q92: 0.15265735 | R92: 0.40443969 | W92: =IF($Q92>0,O92/$Q92,"") -> 0.030912001 | X92: =IF($Q92>0,P92/$Q92,"") -> 0.15572363 | Y92: =IF($Q92>0,Q92/$Q92,"") -> 1 | Z92: =IF($Q92>0,R92/$Q92,"") -> 2.6493299
H93: 1996 | I93: 2 | J93: 0.027200176 | K93: 0.16388391 | L93: 1.0434066 | M93: 3.5578982 | O93: 0.026833582 | P93: 0.15115944 | Q93: =P93 -> 0.15115944 | R93: =Q93 -> 0.15115944 | W93: =IF($Q93>0,O93/$Q93,"") -> 0.1775184 | X93: =IF($Q93>0,P93/$Q93,"") -> 1 | Y93: =IF($Q93>0,Q93/$Q93,"") -> 1 | Z93: =IF($Q93>0,R93/$Q93,"") -> 1
H94: 1996 | I94: 3 | J94: 0.062579763 | K94: 0.10439871 | L94: 0.15325764 | M94: 0.57226368 | O94: 0.060661865 | P94: 0.09913396 | Q94: 0.14209133 | R94: 0.43575328 | W94: =IF($Q94>0,O94/$Q94,"") -> 0.42692163 | X94: =IF($Q94>0,P94/$Q94,"") -> 0.69767773 | Y94: =IF($Q94>0,Q94/$Q94,"") -> 1 | Z94: =IF($Q94>0,R94/$Q94,"") -> 3.0667126
H95: 1996 | I95: 4 | J95: 0 | K95: 0 | L95: 0 | M95: 0 | O95: 0 | P95: 0 | Q95: 0 | R95: 0 | W95: =IF($Q95>0,O95/$Q95,"") | X95: =IF($Q95>0,P95/$Q95,"") | Y95: =IF($Q95>0,Q95/$Q95,"") | Z95: =IF($Q95>0,R95/$Q95,"")
H96: 1997 | I96: 1 | J96: 0.00011904366 | K96: 0.13714216 | L96: 0.077377898 | M96: 0.4347608 | O96: 0.00011903658 | P96: 0.12815373 | Q96: 0.074459972 | R96: 0.35258049 | W96: =IF($Q96>0,O96/$Q96,"") -> 0.0015986653 | X96: =IF($Q96>0,P96/$Q96,"") -> 1.721109 | Y96: =IF($Q96>0,Q96/$Q96,"") -> 1 | Z96: =IF($Q96>0,R96/$Q96,"") -> 4.7351681
H97: 1997 | I97: 2 | J97: 0.0041995045 | K97: 0.47888302 | L97: 1.2656441 | M97: 1.1072666 | O97: 0.0041906989 | P97: 0.38052505 | Q97: =P97 -> 0.38052505 | R97: =Q97 -> 0.38052505 | W97: =IF($Q97>0,O97/$Q97,"") -> 0.011012938 | X97: =IF($Q97>0,P97/$Q97,"") -> 1 | Y97: =IF($Q97>0,Q97/$Q97,"") -> 1 | Z97: =IF($Q97>0,R97/$Q97,"") -> 1
H98: 1997 | I98: 3 | J98: 0.024770481 | K98: 0.12234023 | L98: 0.47362588 | M98: 0.41380992 | O98: 0.02446621 | P98: 0.11515273 | Q98: 0.37725981 | R98: 0.33887339 | W98: =IF($Q98>0,O98/$Q98,"") -> 0.064852416 | X98: =IF($Q98>0,P98/$Q98,"") -> 0.30523456 | Y98: =IF($Q98>0,Q98/$Q98,"") -> 1 | Z98: =IF($Q98>0,R98/$Q98,"") -> 0.89824939
H99: 1997 | I99: 4 | J99: 0 | K99: 0 | L99: 0 | M99: 0 | O99: 0 | P99: 0 | Q99: 0 | R99: 0 | W99: =IF($Q99>0,O99/$Q99,"") | X99: =IF($Q99>0,P99/$Q99,"") | Y99: =IF($Q99>0,Q99/$Q99,"") | Z99: =IF($Q99>0,R99/$Q99,"")
H100: 1998 | I100: 1 | J100: 0.00073583842 | K100: 0.23655637 | L100: 0.40746293 | M100: 0.87764784 | O100: 0.00073556775 | P100: 0.21065861 | Q100: 0.33466389 | R100: 0.5842403 | W100: =IF($Q100>0,O100/$Q100,"") -> 0.0021979299 | X100: =IF($Q100>0,P100/$Q100,"") -> 0.62946323 | Y100: =IF($Q100>0,Q100/$Q100,"") -> 1 | Z100: =IF($Q100>0,R100/$Q100,"") -> 1.7457525
H101: 1998 | I101: 2 | J101: 0.0706842 | K101: 0.37851428 | L101: 0.99789951 | M101: 2.5857636 | O101: 0.068243905 | P101: 0.31512181 | Q101: 0.63134702 | R101: =Q101 -> 0.63134702 | W101: =IF($Q101>0,O101/$Q101,"") -> 0.10809254 | X101: =IF($Q101>0,P101/$Q101,"") -> 0.49912615 | Y101: =IF($Q101>0,Q101/$Q101,"") -> 1 | Z101: =IF($Q101>0,R101/$Q101,"") -> 1
H102: 1998 | I102: 3 | J102: 0.031712411 | K102: 0.28011654 | L102: 1.1855532 | M102: 7.0535678 | O102: 0.031214846 | P102: 0.24430433 | Q102: =P102 -> 0.24430433 | R102: =Q102 -> 0.24430433 | W102: =IF($Q102>0,O102/$Q102,"") -> 0.12777033 | X102: =IF($Q102>0,P102/$Q102,"") -> 1 | Y102: =IF($Q102>0,Q102/$Q102,"") -> 1 | Z102: =IF($Q102>0,R102/$Q102,"") -> 1
H103: 1998 | I103: 4 | J103: 0 | K103: 0 | L103: 0 | M103: 0 | O103: 0 | P103: 0 | Q103: 0 | R103: 0 | W103: =IF($Q103>0,O103/$Q103,"") | X103: =IF($Q103>0,P103/$Q103,"") | Y103: =IF($Q103>0,Q103/$Q103,"") | Z103: =IF($Q103>0,R103/$Q103,"")
H104: 1999 | I104: 1 | J104: 1.1140925e-05 | K104: 0.52006108 | L104: 0.21926065 | M104: 0.30553116 | O104: 1.1140863e-05 | P104: 0.40551576 | Q104: 0.19688764 | R104: 0.26326805 | W104: =IF($Q104>0,O104/$Q104,"") -> 5.6584875e-05 | X104: =IF($Q104>0,P104/$Q104,"") -> 2.0596304 | Y104: =IF($Q104>0,Q104/$Q104,"") -> 1 | Z104: =IF($Q104>0,R104/$Q104,"") -> 1.3371487
H105: 1999 | I105: 2 | J105: 0.0018251057 | K105: 0.14152231 | L105: 0.22455737 | M105: 0.36618453 | O105: 0.0018234412 | P105: 0.13196419 | Q105: 0.20113026 | R105: 0.30662516 | W105: =IF($Q105>0,O105/$Q105,"") -> 0.0090659717 | X105: =IF($Q105>0,P105/$Q105,"") -> 0.65611305 | Y105: =IF($Q105>0,Q105/$Q105,"") -> 1 | Z105: =IF($Q105>0,R105/$Q105,"") -> 1.5245104
...

Sheet 11.6.3 Num quart long
A1: Year | B1: season | C1: 0 | D1: 1 | E1: 2 | F1: 3
A2: 1974 | B2: 1 | C2: 395307000 | D2: 120033000 | E2: 11198300 | F2: 551857
A3: 1974 | B3: 2 | C3: 250741000 | D3: 59743900 | E3: 4978830 | F3: 260950
A4: 1974 | B4: 3 | C4: 172577000 | D4: 37801500 | E4: 2041320 | F4: 103851
A5: 1974 | B5: 4 | C5: 131919000 | D5: 27245600 | E5: 1390420 | F5: 57997
A6: 1975 | B6: 1 | C6: 515815000 | D6: 93898000 | E6: 18183000 | F6: 789632
A7: 1975 | B7: 2 | C7: 326688000 | D7: 38005000 | E7: 5944570 | F7: 283103
A8: 1975 | B8: 3 | C8: 223161000 | D8: 19875000 | E8: 1403340 | F8: 62021
A9: 1975 | B9: 4 | C9: 165674000 | D9: 12941100 | E9: 802936 | F9: 24884
A10: 1976 | B10: 1 | C10: 231803000 | D10: 117529000 | E10: 9372170 | F10: 614082
A11: 1976 | B11: 2 | C11: 151013000 | D11: 48147100 | E11: 3081350 | F11: 220142
A12: 1976 | B12: 3 | C12: 102278000 | D12: 24522800 | E12: 685683 | F12: 45370
A13: 1976 | B13: 4 | C13: 73923700 | D13: 15523800 | E13: 380388 | F13: 17448
... A19: 1978 | B19: 2 | C19: 452498000 | D19: 47808100 | E19: 2550530 | F19: 199506
A20: 1978 | B20: 3 | C20: 316763000 | D20: 29020200 | E20: 908210 | F20: 68072
A21: 1978 | B21: 4 | C21: 233152000 | D21: 19402300 | E21: 569270 | F21: 33757
A22: 1979 | B22: 1 | C22: 351927000 | D22: 172091000 | E22: 14693300 | F22: 464810
A23: 1979 | B23: 2 | C23: 248812000 | D23: 98638700 | E23: 7900520 | F23: 259362
A24: 1979 | B24: 3 | C24: 171009000 | D24: 62695800 | E24: 3738070 | F24: 120169
A25: 1979 | B25: 4 | C25: 125247000 | D25: 43781100 | E25: 2548250 | F25: 70876
A26: 1980 | B26: 1 | C26: 206302000 | D26: 91984900 | E26: 32705200 | F26: 1992070
A27: 1980 | B27: 2 | C27: 141381000 | D27: 33394800 | E27: 8947180 | F27: 603214
A28: 1980 | B28: 3 | C28: 93188000 | D28: 14028400 | E28: 1298350 | F28: 79110
A29: 1980 | B29: 4 | C29: 66477100 | D29: 8193420 | E29: 632308 | F29: 23992
A30: 1981 | B30: 1 | C30: 61178700 | D30: 48838800 | E30: 6136970 | F30: 509256
A31: 1981 | B31: 2 | C31: 40895600 | D31: 24363900 | E31: 2713430 | F31: 241986
A32: 1981 | B32: 3 | C32: 28128200 | D32: 13862300 | E32: 959133 | F32: 84140
A33: 1981 | B33: 4 | C33: 20871900 | D33: 9578760 | E33: 625520 | F33: 44058
... A41: 1983 | B41: 4 | C41: 19052300 | D41: 1816870 | E41: 179111 | F41: 40190
A42: 1984 | B42: 1 | C42: 24950900 | D42: 15082300 | E42: 1489010 | F42: 187938
A43: 1984 | B43: 2 | C43: 16297200 | D43: 8109380 | E43: 722709 | F43: 99737
A44: 1984 | B44: 3 | C44: 11589000 | D44: 5274980 | E44: 330577 | F44: 44732
A45: 1984 | B45: 4 | C45: 9076570 | D45: 3936670 | E45: 240425 | F45: 27594
A46: 1985 | B46: 1 | C46: 16828500 | D46: 7132750 | E46: 3192060 | F46: 225817
A47: 1985 | B47: 2 | C47: 10690900 | D47: 3335350 | E47: 1283310 | F47: 99363
A48: 1985 | B48: 3 | C48: 7046980 | D48: 1826770 | E48: 420912 | F48: 31522
A49: 1985 | B49: 4 | C49: 5400390 | D49: 1306250 | E49: 280757 | F49: 16465
A50: 1986 | B50: 1 | C50: 60994900 | D50: 4214240 | E50: 1056360 | F50: 255480
A51: 1986 | B51: 2 | C51: 37757300 | D51: 2015000 | E51: 448552 | F51: 118190
A52: 1986 | B52: 3 | C52: 24298500 | D52: 1130680 | E52: 164680 | F52: 43094
A53: 1986 | B53: 4 | C53: 18320900 | D53: 819685 | E53: 113915 | F53: 24346
A54: 1987 | B54: 1 | C54: 35362100 | D54: 14004500 | E54: 655843 | F54: 119200
A55: 1987 | B55: 2 | C55: 21420500 | D55: 7857900 | E55: 356658 | F55: 69346
A56: 1987 | B56: 3 | C56: 13457600 | D56: 5136840 | E56: 208936 | F56: 42082
A57: 1987 | B57: 4 | C57: 10177700 | D57: 4083620 | E57: 164981 | F57: 31133
A58: 1988 | B58: 1 | C58: 50723500 | D58: 7717830 | E58: 3269540 | F58: 166951
A59: 1988 | B59: 2 | C59: 30008100 | D59: 3416240 | E59: 1258740 | F59: 72618
A60: 1988 | B60: 3 | C60: 18568700 | D60: 1847740 | E60: 401379 | F60: 22490
A61: 1988 | B61: 4 | C61: 13630200 | D61: 1315260 | E61: 258395 | F61: 11448
A62: 1989 | B62: 1 | C62: 42693300 | D62: 10202400 | E62: 1040850 | F62: 222480
A63: 1989 | B63: 2 | C63: 25427000 | D63: 5716670 | E63: 568862 | F63: 132851
A64: 1989 | B64: 3 | C64: 16107800 | D64: 3814990 | E64: 339004 | F64: 79732
A65: 1989 | B65: 4 | C65: 12036000 | D65: 2945730 | E65: 259899 | F65: 57631
A66: 1990 | B66: 1 | C66: 61190700 | D66: 8949280 | E66: 2287260 | F66: 251281
A67: 1990 | B67: 2 | C67: 37310100 | D67: 3791750 | E67: 823292 | F67: 99935
A68: 1990 | B68: 3 | C68: 23662400 | D68: 1929590 | E68: 224838 | F68: 25377
A69: 1990 | B69: 4 | C69: 17517900 | D69: 1288900 | E69: 133332 | F69: 11325
A70: 1991 | B70: 1 | C70: 104698000 | D70: 12986200 | E70: 992154 | F70: 114019
A71: 1991 | B71: 2 | C71: 66150600 | D71: 7045160 | E71: 506146 | F71: 60732
A72: 1991 | B72: 3 | C72: 43822800 | D72: 4547540 | E72: 253726 | F72: 29987
A73: 1991 | B73: 4 | C73: 33308900 | D73: 3301080 | E73: 180892 | F73: 18965
A74: 1992 | B74: 1 | C74: 102065000 | D74: 24642900 | E74: 2515780 | F74: 156064
A75: 1992 | B75: 2 | C75: 66407100 | D75: 13254100 | E75: 1236560 | F75: 79818
A76: 1992 | B76: 3 | C76: 45638100 | D76: 8514210 | E76: 564303 | F76: 35915
A77: 1992 | B77: 4 | C77: 34923300 | D77: 6119570 | E77: 392870 | F77: 21450
A78: 1993 | B78: 1 | C78: 134166000 | D78: 26254100 | E78: 4737410 | F78: 327549
A79: 1993 | B79: 2 | C79: 88504400 | D79: 12018300 | E79: 1827870 | F79: 135139
A80: 1993 | B80: 3 | C80: 64706500 | D80: 6776970 | E80: 539535 | F80: 37704
A81: 1993 | B81: 4 | C81: 49446800 | D81: 4595860 | E81: 331059 | F81: 17477
A82: 1994 | B82: 1 | C82: 117966000 | D82: 37721500 | E82: 3608010 | F82: 279799
A83: 1994 | B83: 2 | C83: 75220300 | D83: 20635000 | E83: 1840450 | F83: 147220
A84: 1994 | B84: 3 | C84: 54663500 | D84: 13711300 | E84: 901904 | F84: 70332
A85: 1994 | B85: 4 | C85: 42590400 | D85: 10203900 | E85: 647590 | F85: 44079
A86: 1995 | B86: 1 | C86: 34495100 | D86: 32795600 | E86: 8153380 | F86: 562716
A87: 1995 | B87: 2 | C87: 21844200 | D87: 15052200 | E87: 3210520 | F87: 236863
A88: 1995 | B88: 3 | C88: 15723200 | D88: 8539350 | E88: 996184 | F88: 69032
A89: 1995 | B89: 4 | C89: 12411700 | D89: 6030500 | E89: 628035 | F89: 33376
... A117: 2002 | B117: 4 | C117: 28363200 | D117: 3057270 | E117: 208100 | F117: 12612
A118: 2003 | B118: 1 | C118: 107371000 | D118: 22001100 | E118: 2472400 | F118: 183741
A119: 2003 | B119: 2 | C119: 72779400 | D119: 11413400 | E119: 1108010 | F119: 89688
A120: 2003 | B120: 3 | C120: 51750100 | D120: 6716390 | E120: 389381 | F120: 29516
A121: 2003 | B121: 4 | C121: 40187000 | D121: 4769940 | E121: 251041 | F121: 15146
A122: 2004 | B122: 1 | C122: 179615000 | D122: 29711800 | E122: 3681550 | F122: 210440
A123: 2004 | B123: 2 | C123: 121081000 | D123: 12935500 | E123: 1291670 | F123: 81472
A124: 2004 | B124: 3 | C124: 87644500 | D124: 6652790 | E124: 300359 | F124: 17136
A125: 2004 | B125: 4 | C125: 68395600 | D125: 4485680 | E125: 170923 | F125: 6877
A126: 2005 | B126: 1 | C126: 61291800 | D126: 50922700 | E126: 3485310 | F126: 141127
A127: 2005 | B127: 2 | C127: 40898100 | D127: 25516300 | E127: 1518120 | F127: 64333
A128: 2005 | B128: 3 | C128: 29573900 | D128: 14991000 | E128: 534353 | F128: 21183
A129: 2005 | B129: 4 | C129: 23515100 | D129: 10950900 | E129: 350486 | F129: 11016
A130: 2006 | B130: 1 | C130: 82106800 | D130: 17472700 | E130: 8534280 | F130: 292053
A131: 2006 | B131: 2 | C131: 52195000 | D131: 7829080 | E131: 3220890 | F131: 116467
A132: 2006 | B132: 3 | C132: 37304000 | D132: 4364930 | E132: 951063 | F132: 31795
A133: 2006 | B133: 4 | C133: 29936600 | D133: 3106770 | E133: 593812 | F133: 14988
... A137: 2007 | B137: 4 | C137: 22601100 | D137: 4237000 | E137: 193175 | F137: 29648
A138: 2008 | B138: 1 | C138: 140669000 | D138: 17357000 | E138: 3395740 | F138: 185561
A139: 2008 | B139: 2 | C139: 87568900 | D139: 8362940 | E139: 1447050 | F139: 82338
A140: 2008 | B140: 3 | C140: 62854000 | D140: 5128100 | E140: 559239 | F140: 30432
A141: 2008 | B141: 4 | C141: 51439600 | D141: 3853360 | E141: 381423 | F141: 16887
A142: 2009 | B142: 1 | C142: 106893000 | D142: 40007800 | E142: 3081070 | F142: 327525
...

Sheet FM don't use
A1: These are proportions… | H1: These are instantaneous, if the value was > 1 I made the F be 2. | P1: What is the proption of F at age 2
A2: Year | B2: Season | C2: 0 | D2: 1 | E2: 2 | F2: 3 | H2: 0 | I2: 1 | J2: 2 | K2: 3
A3: 1974 | B3: 1 | C3: ='[1]11.2.2-catch'!C2/'11.6.3 Num quart long'!C2 -> 0 | D3: ='[1]11.2.2-catch'!D2/'11.6.3 Num quart long'!D2 -> 0.13413862 | E3: ='[1]11.2.2-catch'!E2/'11.6.3 Num quart long'!E2 -> 0.19250449 | F3: ='[1]11.2.2-catch'!F2/'11.6.3 Num quart long'!F2 -> 0.86184102 | H3: =IF(C3<1,1-EXP(-C3),2) -> 0 | I3: =IF(D3<1,1-EXP(-D3),2) -> 0.12553116 | J3: =IF(E3<1,1-EXP(-E3),2) -> 0.17510938 | K3: =IF(F3<1,1-EXP(-F3),2) -> 0.57761625 | P3: =IF($J3=0,"",H3/$J3) -> 0 | Q3: =IF($J3=0,"",I3/$J3) -> 0.71687285 | R3: =IF($J3=0,"",J3/$J3) -> 1 | S3: =IF($J3=0,"",K3/$J3) -> 3.2986025
A4: 1974 | B4: 2 | C4: ='[1]11.2.2-catch'!C3/'11.6.3 Num quart long'!C3 -> 0.0075143116 | D4: ='[1]11.2.2-catch'!D3/'11.6.3 Num quart long'!D3 -> 0.19322666 | E4: ='[1]11.2.2-catch'!E3/'11.6.3 Num quart long'!E3 -> 0.17401659 | F4: ='[1]11.2.2-catch'!F3/'11.6.3 Num quart long'!F3 -> 0.18481701 | H4: =IF(C4<1,1-EXP(-C4),2) -> 0.0074861497 | I4: =IF(D4<1,1-EXP(-D4),2) -> 0.17570488 | J4: =IF(E4<1,1-EXP(-E4),2) -> 0.15971704 | K4: =IF(F4<1,1-EXP(-F4),2) -> 0.16874362 | P4: =IF($J4=0,"",H4/$J4) -> 0.046871328 | Q4: =IF($J4=0,"",I4/$J4) -> 1.100101 | R4: =IF($J4=0,"",J4/$J4) -> 1 | S4: =IF($J4=0,"",K4/$J4) -> 1.0565161
A5: 1974 | B5: 3 | C5: ='[1]11.2.2-catch'!C4/'11.6.3 Num quart long'!C4 -> 0.016472079 | D5: ='[1]11.2.2-catch'!D4/'11.6.3 Num quart long'!D4 -> 0.29340907 | E5: ='[1]11.2.2-catch'!E4/'11.6.3 Num quart long'!E4 -> 0.65449611 | F5: ='[1]11.2.2-catch'!F4/'11.6.3 Num quart long'!F4 -> 0.33253411 | H5: =IF(C5<1,1-EXP(-C5),2) -> 0.016337156 | I5: =IF(D5<1,1-EXP(-D5),2) -> 0.25428297 | J5: =IF(E5<1,1-EXP(-E5),2) -> 0.48029613 | K5: =IF(F5<1,1-EXP(-F5),2) -> 0.28289579 | P5: =IF($J5=0,"",H5/$J5) -> 0.034014757 | Q5: =IF($J5=0,"",I5/$J5) -> 0.52942957 | R5: =IF($J5=0,"",J5/$J5) -> 1 | S5: =IF($J5=0,"",K5/$J5) -> 0.58900286
A6: 1974 | B6: 4 | C6: ='[1]11.2.2-catch'!C5/'11.6.3 Num quart long'!C5 -> 0.0098722019 | D6: ='[1]11.2.2-catch'!D5/'11.6.3 Num quart long'!D5 -> 0.092173232 | E6: ='[1]11.2.2-catch'!E5/'11.6.3 Num quart long'!E5 -> 0.25827951 | F6: ='[1]11.2.2-catch'!F5/'11.6.3 Num quart long'!F5 -> 0.25556494 | H6: =IF(C6<1,1-EXP(-C6),2) -> 0.0098236317 | I6: =IF(D6<1,1-EXP(-D6),2) -> 0.088052842 | J6: =IF(E6<1,1-EXP(-E6),2) -> 0.22762069 | K6: =IF(F6<1,1-EXP(-F6),2) -> 0.22552116 | P6: =IF($J6=0,"",H6/$J6) -> 0.043157903 | Q6: =IF($J6=0,"",I6/$J6) -> 0.38684024 | R6: =IF($J6=0,"",J6/$J6) -> 1 | S6: =IF($J6=0,"",K6/$J6) -> 0.99077621
A7: 1975 | B7: 1 | C7: ='[1]11.2.2-catch'!C6/'11.6.3 Num quart long'!C6 -> 0.0004864748 | D7: ='[1]11.2.2-catch'!D6/'11.6.3 Num quart long'!D6 -> 0.29525134 | E7: ='[1]11.2.2-catch'!E6/'11.6.3 Num quart long'!E6 -> 0.55285431 | F7: ='[1]11.2.2-catch'!F6/'11.6.3 Num quart long'!F6 -> 0.32949779 | H7: =IF(C7<1,1-EXP(-C7),2) -> 0.00048635649 | I7: =IF(D7<1,1-EXP(-D7),2) -> 0.25565552 | J7: =IF(E7<1,1-EXP(-E7),2) -> 0.42469464 | K7: =IF(F7<1,1-EXP(-F7),2) -> 0.28071513 | P7: =IF($J7=0,"",H7/$J7) -> 0.001145191 | Q7: =IF($J7=0,"",I7/$J7) -> 0.60197491 | R7: =IF($J7=0,"",J7/$J7) -> 1 | S7: =IF($J7=0,"",K7/$J7) -> 0.66098109
A8: 1975 | B8: 2 | C8: ='[1]11.2.2-catch'!C7/'11.6.3 Num quart long'!C7 -> 0.0036106836 | D8: ='[1]11.2.2-catch'!D7/'11.6.3 Num quart long'!D7 -> 0.38263089 | E8: ='[1]11.2.2-catch'!E7/'11.6.3 Num quart long'!E7 -> 0.73654024 | F8: ='[1]11.2.2-catch'!F7/'11.6.3 Num quart long'!F7 -> 0.58920958 | H8: =IF(C8<1,1-EXP(-C8),2) -> 0.0036041729 | I8: =IF(D8<1,1-EXP(-D8),2) -> 0.31793539 | J8: =IF(E8<1,1-EXP(-E8),2) -> 0.52123252 | K8: =IF(F8<1,1-EXP(-F8),2) -> 0.44523439 | P8: =IF($J8=0,"",H8/$J8) -> 0.0069147122 | Q8: =IF($J8=0,"",I8/$J8) -> 0.60996844 | R8: =IF($J8=0,"",J8/$J8) -> 1 | S8: =IF($J8=0,"",K8/$J8) -> 0.85419534
A9: 1975 | B9: 3 | C9: ='[1]11.2.2-catch'!C8/'11.6.3 Num quart long'!C8 -> 0.023480913 | D9: ='[1]11.2.2-catch'!D8/'11.6.3 Num quart long'!D8 -> 0.23928946 | E9: ='[1]11.2.2-catch'!E8/'11.6.3 Num quart long'!E8 -> 1.5725206 | F9: ='[1]11.2.2-catch'!F8/'11.6.3 Num quart long'!F8 -> 1.0671547 | H9: =IF(C9<1,1-EXP(-C9),2) -> 0.023207381 | I9: =IF(D9<1,1-EXP(-D9),2) -> 0.21281301 | J9: =IF(E9<1,1-EXP(-E9),2) -> 2 | K9: =IF(F9<1,1-EXP(-F9),2) -> 2 | P9: =IF($J9=0,"",H9/$J9) -> 0.011603691 | Q9: =IF($J9=0,"",I9/$J9) -> 0.1064065 | R9: =IF($J9=0,"",J9/$J9) -> 1 | S9: =IF($J9=0,"",K9/$J9) -> 1
A10: 1975 | B10: 4 | C10: ='[1]11.2.2-catch'!C9/'11.6.3 Num quart long'!C9 -> 0 | D10: ='[1]11.2.2-catch'!D9/'11.6.3 Num quart long'!D9 -> 0 | E10: ='[1]11.2.2-catch'!E9/'11.6.3 Num quart long'!E9 -> 0 | F10: ='[1]11.2.2-catch'!F9/'11.6.3 Num quart long'!F9 -> 0 | H10: =IF(C10<1,1-EXP(-C10),2) -> 0 | I10: =IF(D10<1,1-EXP(-D10),2) -> 0 | J10: =IF(E10<1,1-EXP(-E10),2) -> 0 | K10: =IF(F10<1,1-EXP(-F10),2) -> 0 | P10: =IF($J10=0,"",H10/$J10) | Q10: =IF($J10=0,"",I10/$J10) | R10: =IF($J10=0,"",J10/$J10) | S10: =IF($J10=0,"",K10/$J10)
A11: 1976 | B11: 1 | C11: ='[1]11.2.2-catch'!C10/'11.6.3 Num quart long'!C10 -> 0.0092458294 | D11: ='[1]11.2.2-catch'!D10/'11.6.3 Num quart long'!D10 -> 0.35914396 | E11: ='[1]11.2.2-catch'!E10/'11.6.3 Num quart long'!E10 -> 0.30821603 | F11: ='[1]11.2.2-catch'!F10/'11.6.3 Num quart long'!F10 -> 0.29460723 | H11: =IF(C11<1,1-EXP(-C11),2) -> 0.0092032182 | I11: =IF(D11<1,1-EXP(-D11),2) -> 0.30172618 | J11: =IF(E11<1,1-EXP(-E11),2) -> 0.26524343 | K11: =IF(F11<1,1-EXP(-F11),2) -> 0.25517593 | P11: =IF($J11=0,"",H11/$J11) -> 0.034697253 | Q11: =IF($J11=0,"",I11/$J11) -> 1.1375444 | R11: =IF($J11=0,"",J11/$J11) -> 1 | S11: =IF($J11=0,"",K11/$J11) -> 0.96204431
A12: 1976 | B12: 2 | C12: ='[1]11.2.2-catch'!C11/'11.6.3 Num quart long'!C11 -> 0.049265004 | D12: ='[1]11.2.2-catch'!D11/'11.6.3 Num quart long'!D11 -> 0.38969599 | E12: ='[1]11.2.2-catch'!E11/'11.6.3 Num quart long'!E11 -> 0.52351696 | F12: ='[1]11.2.2-catch'!F11/'11.6.3 Num quart long'!F11 -> 0.40248567 | H12: =IF(C12<1,1-EXP(-C12),2) -> 0.048071168 | I12: =IF(D12<1,1-EXP(-D12),2) -> 0.32273726 | J12: =IF(E12<1,1-EXP(-E12),2) -> 0.40756669 | K12: =IF(F12<1,1-EXP(-F12),2) -> 0.33134408 | P12: =IF($J12=0,"",H12/$J12) -> 0.11794676 | Q12: =IF($J12=0,"",I12/$J12) -> 0.7918637 | R12: =IF($J12=0,"",J12/$J12) -> 1 | S12: =IF($J12=0,"",K12/$J12) -> 0.81298126
A13: 1976 | B13: 3 | C13: ='[1]11.2.2-catch'!C12/'11.6.3 Num quart long'!C12 -> 0.075318407 | D13: ='[1]11.2.2-catch'!D12/'11.6.3 Num quart long'!D12 -> 0.28240437 | E13: ='[1]11.2.2-catch'!E12/'11.6.3 Num quart long'!E12 -> 0.39032323 | F13: ='[1]11.2.2-catch'!F12/'11.6.3 Num quart long'!F12 -> 0.18269782 | H13: =IF(C13<1,1-EXP(-C13),2) -> 0.072551866 | I13: =IF(D13<1,1-EXP(-D13),2) -> 0.24603126 | J13: =IF(E13<1,1-EXP(-E13),2) -> 0.32316193 | K13: =IF(F13<1,1-EXP(-F13),2) -> 0.16698016 | P13: =IF($J13=0,"",H13/$J13) -> 0.22450623 | Q13: =IF($J13=0,"",I13/$J13) -> 0.76132502 | R13: =IF($J13=0,"",J13/$J13) -> 1 | S13: =IF($J13=0,"",K13/$J13) -> 0.51670739
A14: 1976 | B14: 4 | C14: ='[1]11.2.2-catch'!C13/'11.6.3 Num quart long'!C13 -> 0 | D14: ='[1]11.2.2-catch'!D13/'11.6.3 Num quart long'!D13 -> 0 | E14: ='[1]11.2.2-catch'!E13/'11.6.3 Num quart long'!E13 -> 0 | F14: ='[1]11.2.2-catch'!F13/'11.6.3 Num quart long'!F13 -> 0 | H14: =IF(C14<1,1-EXP(-C14),2) -> 0 | I14: =IF(D14<1,1-EXP(-D14),2) -> 0 | J14: =IF(E14<1,1-EXP(-E14),2) -> 0 | K14: =IF(F14<1,1-EXP(-F14),2) -> 0 | P14: =IF($J14=0,"",H14/$J14) | Q14: =IF($J14=0,"",I14/$J14) | R14: =IF($J14=0,"",J14/$J14) | S14: =IF($J14=0,"",K14/$J14)
... A206: 2024 | B206: 4 | C206: ='[1]11.2.2-catch'!C205/'11.6.3 Num quart long'!C205 -> 0 | D206: ='[1]11.2.2-catch'!D205/'11.6.3 Num quart long'!D205 -> 0 | E206: ='[1]11.2.2-catch'!E205/'11.6.3 Num quart long'!E205 -> 0 | F206: ='[1]11.2.2-catch'!F205/'11.6.3 Num quart long'!F205 -> 0 | H206: =IF(C206<1,1-EXP(-C206),2) -> 0 | I206: =IF(D206<1,1-EXP(-D206),2) -> 0 | J206: =IF(E206<1,1-EXP(-E206),2) -> 0 | K206: =IF(F206<1,1-EXP(-F206),2) -> 0 | P206: =IF($J206=0,"",H206/$J206) | Q206: =IF($J206=0,"",I206/$J206) | R206: =IF($J206=0,"",J206/$J206) | S206: =IF($J206=0,"",K206/$J206)
O207: Average | P207: =AVERAGE(P2:P206) -> 0.17662988 | Q207: =AVERAGE(Q2:Q206) -> 1.0093943 | R207: =AVERAGE(R2:R206) -> 1 | S207: =AVERAGE(S2:S206) -> 2.0260545

Sheet Sheet2
A1: These are proportions… | H1: These are instantaneous, if the value was > 1 I made the F be 2. | P1: What is the proption of F at age 2
A2: Year | B2: Season | C2: 0 | D2: 1 | E2: 2 | F2: 3 | H2: 0 | I2: 1 | J2: 2 | K2: 3
A3: 1974 | B3: 1 | C3: 0 | D3: 0.13413862 | E3: 0.19250449 | F3: 0.86184102 | H3: 0 | I3: 0.12553116 | J3: 0.17510938 | K3: 0.57761625 | P3: 0 | Q3: 0.71687285 | R3: 1 | S3: 3.2986025
A4: 1974 | B4: 2 | C4: 0.0075143116 | D4: 0.19322666 | E4: 0.17401659 | F4: 0.18481701 | H4: 0.0074861497 | I4: 0.17570488 | J4: 0.15971704 | K4: 0.16874362 | P4: 0.046871328 | Q4: 1.100101 | R4: 1 | S4: 1.0565161
A5: 1974 | B5: 3 | C5: 0.016472079 | D5: 0.29340907 | E5: 0.65449611 | F5: 0.33253411 | H5: 0.016337156 | I5: 0.25428297 | J5: 0.48029613 | K5: 0.28289579 | P5: 0.034014757 | Q5: 0.52942957 | R5: 1 | S5: 0.58900286
A6: 1974 | B6: 4 | C6: 0.0098722019 | D6: 0.092173232 | E6: 0.25827951 | F6: 0.25556494 | H6: 0.0098236317 | I6: 0.088052842 | J6: 0.22762069 | K6: 0.22552116 | P6: 0.043157903 | Q6: 0.38684024 | R6: 1 | S6: 0.99077621
A7: 1975 | B7: 1 | C7: 0.0004864748 | D7: 0.29525134 | E7: 0.55285431 | F7: 0.32949779 | H7: 0.00048635649 | I7: 0.25565552 | J7: 0.42469464 | K7: 0.28071513 | P7: 0.001145191 | Q7: 0.60197491 | R7: 1 | S7: 0.66098109
A8: 1975 | B8: 2 | C8: 0.0036106836 | D8: 0.38263089 | E8: 0.73654024 | F8: 0.58920958 | H8: 0.0036041729 | I8: 0.31793539 | J8: 0.52123252 | K8: 0.44523439 | P8: 0.0069147122 | Q8: 0.60996844 | R8: 1 | S8: 0.85419534
A9: 1975 | B9: 3 | C9: 0.023480913 | D9: 0.23928946 | E9: 1.5725206 | F9: 1.0671547 | H9: 0.023207381 | I9: 0.21281301 | J9: 2 | K9: 2 | P9: 0.011603691 | Q9: 0.1064065 | R9: 1 | S9: 1
A10: 1975 | B10: 4 | C10: 0 | D10: 0 | E10: 0 | F10: 0 | H10: 0 | I10: 0 | J10: 0 | K10: 0
A11: 1976 | B11: 1 | C11: 0.0092458294 | D11: 0.35914396 | E11: 0.30821603 | F11: 0.29460723 | H11: 0.0092032182 | I11: 0.30172618 | J11: 0.26524343 | K11: 0.25517593 | P11: 0.034697253 | Q11: 1.1375444 | R11: 1 | S11: 0.96204431
A12: 1976 | B12: 2 | C12: 0.049265004 | D12: 0.38969599 | E12: 0.52351696 | F12: 0.40248567 | H12: 0.048071168 | I12: 0.32273726 | J12: 0.40756669 | K12: 0.33134408 | P12: 0.11794676 | Q12: 0.7918637 | R12: 1 | S12: 0.81298126
A13: 1976 | B13: 3 | C13: 0.075318407 | D13: 0.28240437 | E13: 0.39032323 | F13: 0.18269782 | H13: 0.072551866 | I13: 0.24603126 | J13: 0.32316193 | K13: 0.16698016 | P13: 0.22450623 | Q13: 0.76132502 | R13: 1 | S13: 0.51670739
A14: 1976 | B14: 4 | C14: 0 | D14: 0 | E14: 0 | F14: 0 | H14: 0 | I14: 0 | J14: 0 | K14: 0
A15: 1977 | B15: 1 | C15: 0.0070824773 | D15: 0.2437338 | E15: 0.46137731 | F15: 0.37163423 | H15: 0.0070574556 | I15: 0.21630378 | J15: 0.36958523 | K15: 0.31039357 | P15: 0.019095611 | Q15: 0.58526088 | R15: 1 | S15: 0.839843
A16: 1977 | B16: 2 | C16: 0.0096242906 | D16: 0.20992274 | E16: 0.89868708 | F16: 0.58289917 | H16: 0.0095781254 | I16: 0.18935313 | J16: 0.5928962 | K16: 0.44172252 | P16: 0.01615481 | Q16: 0.31936978 | R16: 1 | S16: 0.74502506
A17: 1977 | B17: 3 | C17: 0.089984207 | D17: 0.15152747 | E17: 2.2531606 | F17: 1.4662275 | H17: 0.086054381 | I17: 0.14060572 | J17: 2 | K17: 2 | P17: 0.043027191 | Q17: 0.070302861 | R17: 1 | S17: 1
A18: 1977 | B18: 4 | C18: 0 | D18: 0 | E18: 0 | F18: 0 | H18: 0 | I18: 0 | J18: 0 | K18: 0
A19: 1978 | B19: 1 | C19: 0.00072488778 | D19: 0.35394913 | E19: 0.07757103 | F19: 0.23706102 | H19: 0.00072462511 | I19: 0.29808933 | J19: 0.074638706 | K19: 0.21105685 | P19: 0.0097084361 | Q19: 3.9937634 | R19: 1 | S19: 2.8277132
A20: 1978 | B20: 2 | C20: 0.012193789 | D20: 0.2163853 | E20: 0.4742481 | F20: 0.58491975 | H20: 0.012119746 | I20: 0.19457509 | J20: 0.37764717 | K20: 0.44284943 | P20: 0.032092775 | Q20: 0.51522983 | R20: 1 | S20: 1.1726539
A21: 1978 | B21: 3 | C21: 0.019429687 | D21: 0.17138297 | E21: 1.2321434 | F21: 0.43984311 | H21: 0.019242147 | I21: 0.15750114 | J21: 2 | K21: 0.35586253 | P21: 0.0096210737 | Q21: 0.078750569 | R21: 1 | S21: 0.17793126
A22: 1978 | B22: 4 | C22: 0 | D22: 0 | E22: 0 | F22: 0 | H22: 0 | I22: 0 | J22: 0 | K22: 0
A23: 1979 | B23: 1 | C23: 0.010170828 | D23: 0.21422852 | E23: 0.043832359 | F23: 0.2520148 | H23: 0.01011928 | I23: 0.19283609 | J23: 0.042885604 | K23: 0.22276677 | P23: 0.23595983 | Q23: 4.4965226 | R23: 1 | S23: 5.1944416
A24: 1979 | B24: 2 | C24: 0.0042317895 | D24: 0.11512671 | E24: 0.27242017 | F24: 0.24439201 | H24: 0.0042228481 | I24: 0.10874679 | J24: 0.23846578 | K24: 0.21681944 | P24: 0.017708403 | Q24: 0.45602683 | R24: 1 | S24: 0.90922664
A25: 1979 | B25: 3 | C25: 0.022705127 | D25: 0.10206838 | E25: 0.089024818 | F25: 0.21606238 | H25: 0.022449305 | I25: 0.097032199 | J25: 0.08517713 | K25: 0.19431496 | P25: 0.26356024 | Q25: 1.1391814 | R25: 1 | S25: 2.2813043
A26: 1979 | B26: 4 | C26: 0 | D26: 0 | E26: 0 | F26: 0 | H26: 0 | I26: 0 | J26: 0 | K26: 0
A27: 1980 | B27: 1 | C27: 0 | D27: 0.15478147 | E27: 0.5326786 | F27: 0.7434809 | H27: 0 | I27: 0.14339765 | J27: 0.41296956 | K27: 0.52454398 | P27: 0 | Q27: 0.3472354 | R27: 1 | S27: 1.2701759
A28: 1980 | B28: 2 | C28: 0 | D28: 0.28193485 | E28: 1.2876209 | F28: 1.6236609 | H28: 0 | I28: 0.24567717 | J28: 2 | K28: 2 | P28: 0 | Q28: 0.12283859 | R28: 1 | S28: 1
A29: 1980 | B29: 3 | C29: 0.027214448 | D29: 0.27562744 | E29: 0.30013017 | F29: 0.11027683 | H29: 0.026847472 | I29: 0.24090431 | J29: 0.2592782 | K29: 0.10441382 | P29: 0.10354697 | Q29: 0.92913447 | R29: 1 | S29: 0.40270961
A30: 1980 | B30: 4 | C30: 0 | D30: 0 | E30: 0 | F30: 0 | H30: 0 | I30: 0 | J30: 0 | K30: 0
A31: 1981 | B31: 1 | C31: 0.0070085831 | D31: 0.25230823 | E31: 0.24168947 | F31: 0.2568551 | H31: 0.0069840802 | I31: 0.22299479 | J31: 0.2147 | K31: 0.22651972 | P31: 0.032529484 | Q31: 1.0386343 | R31: 1 | S31: 1.0550523
A32: 1981 | B32: 2 | C32: 0.00099355432 | D32: 0.14532718 | E32: 1.1149317 | F32: 0.83495739 | H32: 0.00099306091 | I32: 0.13526068 | J32: 2 | K32: 0.56610703 | P32: 0.00049653045 | Q32: 0.067630341 | R32: 1 | S32: 0.28305352
A33: 1981 | B33: 3 | C33: 0.013305295 | D33: 0.2780245 | E33: 0.33338755 | F33: 0.11688852 | H33: 0.013217171 | I33: 0.24272173 | J33: 0.28350754 | K33: 0.11031563 | P33: 0.046620175 | Q33: 0.85613855 | R33: 1 | S33: 0.38911004
A34: 1981 | B34: 4 | C34: 0 | D34: 0 | E34: 0 | F34: 0 | H34: 0 | I34: 0 | J34: 0 | K34: 0
A35: 1982 | B35: 1 | C35: 0.014695346 | D35: 0.40702925 | E35: 0.082243081 | F35: 0.12090036 | H35: 0.014587897 | I35: 0.33437528 | J35: 0.078951958 | K35: 0.11387775 | P35: 0.18476928 | Q35: 4.235174 | R35: 1 | S35: 1.4423676
A36: 1982 | B36: 2 | C36: 0.032992668 | D36: 0.60637938 | E36: 0.30702984 | F36: 0.19847271 | H36: 0.032454346 | I36: 0.4546783 | J36: 0.26437135 | K36: 0.18001785 | P36: 0.12276045 | Q36: 1.7198471 | R36: 1 | S36: 0.68092798
A37: 1982 | B37: 3 | C37: 0.1391137 | D37: 0.075999788 | E37: 0.031915342 | F37: 0.030193237 | H37: 0.12987091 | I37: 0.073183597 | J37: 0.031411423 | K37: 0.029741974 | P37: 4.1345122 | Q37: 2.3298402 | R37: 1 | S37: 0.94685217
A38: 1982 | B38: 4 | C38: 0 | D38: 0 | E38: 0 | F38: 0 | H38: 0 | I38: 0 | J38: 0 | K38: 0
A39: 1983 | B39: 1 | C39: 0.11113146 | D39: 0.25433422 | E39: 0.30968007 | F39: 0.16914686 | H39: 0.10517889 | I39: 0.22456741 | J39: 0.26631835 | K39: 0.15561511 | P39: 0.39493671 | Q39: 0.84322919 | R39: 1 | S39: 0.5843199
A40: 1983 | B40: 2 | C40: 0.071398265 | D40: 0.27552696 | E40: 0.52502876 | F40: 0.24561867 | H40: 0.068909003 | I40: 0.24082804 | J40: 0.40846165 | K40: 0.21777955 | P40: 0.16870373 | Q40: 0.58959767 | R40: 1 | S40: 0.53317012
A41: 1983 | B41: 3 | C41: 0.069725774 | D41: 0.22902042 | E41: 0.024894632 | F41: 0 | H41: 0.067350458 | I41: 0.20468771 | J41: 0.024587316 | K41: 0 | P41: 2.7392359 | Q41: 8.3249311 | R41: 1 | S41: 0
A42: 1983 | B42: 4 | C42: 0 | D42: 0 | E42: 0 | F42: 0 | H42: 0 | I42: 0 | J42: 0 | K42: 0
A43: 1984 | B43: 1 | C43: 0.038265433 | D43: 0.42931257 | E43: 0.28020967 | F43: 0.013472528 | H43: 0.037542561 | I43: 0.34904357 | J43: 0.24437471 | K43: 0.01338218 | P43: 0.15362703 | Q43: 1.428313 | R43: 1 | S43: 0.054760904
A44: 1984 | B44: 2 | C44: 0.03202182 | D44: 0.31264462 | E44: 0.34267458 | F44: 0.048156652 | H44: 0.03151455 | I44: 0.26849017 | J44: 0.29013082 | K44: 0.047015512 | P44: 0.10862186 | Q44: 0.92541071 | R44: 1 | S44: 0.16204935
A45: 1984 | B45: 3 | C45: 0.03495513 | D45: 0.11609655 | E45: 0.032210347 | F45: 0.023540195 | H45: 0.034351256 | I45: 0.10961075 | J45: 0.031697119 | K45: 0.023265286 | P45: 1.0837343 | Q45: 3.4580667 | R45: 1 | S45: 0.73398739
A46: 1984 | B46: 4 | C46: 0 | D46: 0 | E46: 0 | F46: 0 | H46: 0 | I46: 0 | J46: 0 | K46: 0
A47: 1985 | B47: 1 | C47: 0 | D47: 0.18288276 | E47: 0.61779133 | F47: 0.16686078 | H47: 0 | I47: 0.1671342 | J47: 0.46086611 | K47: 0.15368257 | P47: 0 | Q47: 0.36265241 | R47: 1 | S47: 0.33346468
A48: 1985 | B48: 2 | C48: 0 | D48: 0.17269672 | E48: 0.67854221 | F48: 0.16744664 | H48: 0 | I48: 0.15860724 | J48: 0.49264393 | K48: 0.15417825 | P48: 0 | Q48: 0.32195108 | R48: 1 | S48: 0.31296082
A49: 1985 | B49: 3 | C49: 0.012027847 | D49: 0.11816266 | E49: 0.3583148 | F49: 0.47319333 | H49: 0.011955802 | I49: 0.11144849 | J49: 0.30114696 | K49: 0.37699038 | P49: 0.039700889 | Q49: 0.37008008 | R49: 1 | S49: 1.2518485
A50: 1985 | B50: 4 | C50: 0 | D50: 0 | E50: 0 | F50: 0 | H50: 0 | I50: 0 | J50: 0 | K50: 0
A51: 1986 | B51: 1 | C51: 0 | D51: 0.042185542 | E51: 0.42858969 | F51: 1.3606545 | H51: 0 | I51: 0.041308114 | J51: 0.34857284 | K51: 2 | P51: 0 | Q51: 0.11850641 | R51: 1 | S51: 5.7376818
A52: 1986 | B52: 2 | C52: 0 | D52: 0.077872457 | E52: 0.89087553 | F52: 2.5959726 | H52: 0 | I52: 0.074917593 | J52: 0.58970363 | K52: 2 | P52: 0 | Q52: 0.12704279 | R52: 1 | S52: 3.3915341
A53: 1986 | B53: 3 | C53: 0.023908307 | D53: 0.051924506 | E53: 0.0044935633 | F53: 0 | H53: 0.023624768 | I53: 0.050599461 | J53: 0.0044834823 | K53: 0 | P53: 5.2692898 | Q53: 11.28575 | R53: 1 | S53: 0
A54: 1986 | B54: 4 | C54: 0 | D54: 0 | E54: 0 | F54: 0 | H54: 0 | I54: 0 | J54: 0 | K54: 0
A55: 1987 | B55: 1 | C55: 6.3231539e-05 | D55: 0.16070456 | E55: 0.19594934 | F55: 0.021182886 | H55: 6.322954e-05 | I55: 0.14845639 | J55: 0.17794612 | K55: 0.020960104 | P55: 0.0003553297 | Q55: 0.83427718 | R55: 1 | S55: 0.11778905
A56: 1987 | B56: 2 | C56: 0.0023085829 | D56: 0.22782983 | E56: 0.75029019 | F56: 0.014103193 | H56: 0.0023059202 | I56: 0.20374025 | J56: 0.52777051 | K56: 0.014004209 | P56: 0.0043691721 | Q56: 0.38603948 | R56: 1 | S56: 0.026534656
A57: 1987 | B57: 3 | C57: 0.015588812 | D57: 0.16099275 | E57: 0.16572539 | F57: 0.783708 | H57: 0.015467936 | I57: 0.14870176 | J57: 0.15272113 | K57: 0.54329061 | P57: 0.10128223 | Q57: 0.97368165 | R57: 1 | S57: 3.5574031
A58: 1987 | B58: 4 | C58: 0 | D58: 0 | E58: 0 | F58: 0 | H58: 0 | I58: 0 | J58: 0 | K58: 0
A59: 1988 | B59: 1 | C59: 0.080494091 | D59: 0.27169697 | E59: 0.8655817 | F59: 0.2537511 | H59: 0.077339644 | I59: 0.23791484 | J59: 0.5791933 | K59: 0.2241151 | P59: 0.13352993 | Q59: 0.41076932 | R59: 1 | S59: 0.38694354
A60: 1988 | B60: 2 | C60: 0.038788327 | D60: 0.091944945 | E60: 0.41945596 | F60: 0.15872098 | H60: 0.038045693 | I60: 0.087844633 | J60: 0.34259563 | K60: 0.1467656 | P60: 0.11105131 | Q60: 0.25640909 | R60: 1 | S60: 0.4283931
A61: 1988 | B61: 3 | C61: 0.097890536 | D61: 0.34501012 | E61: 0.3223487 | F61: 0.24415296 | H61: 0.093251846 | I61: 0.29178681 | J61: 0.27555447 | K61: 0.2166322 | P61: 0.33841529 | Q61: 1.0589079 | R61: 1 | S61: 0.78616833
A62: 1988 | B62: 4 | C62: 0 | D62: 0 | E62: 0 | F62: 0 | H62: 0 | I62: 0 | J62: 0 | K62: 0
A63: 1989 | B63: 1 | C63: 0.00029163827 | D63: 0.16729632 | E63: 3.4720094 | F63: 0.025692197 | H63: 0.00029159574 | I63: 0.1540511 | J63: 2 | K63: 0.025364961 | P63: 0.00014579787 | Q63: 0.07702555 | R63: 1 | S63: 0.012682481
A64: 1989 | B64: 2 | C64: 3.0794038e-05 | D64: 0.013367048 | E64: 0.15632087 | F64: 0.0025743126 | H64: 3.0793564e-05 | I64: 0.013278105 | J64: 0.14471528 | K64: 0.0025710019 | P64: 0.00021278722 | Q64: 0.091753303 | R64: 1 | S64: 0.017765932
A65: 1989 | B65: 3 | C65: 0.029144762 | D65: 0.10928469 | E65: 0.10262121 | F65: 0.15992324 | H65: 0.02872415 | I65: 0.10352484 | J65: 0.097531243 | K65: 0.1477908 | P65: 0.29451229 | Q65: 1.0614531 | R65: 1 | S65: 1.5153175
A66: 1989 | B66: 4 | C66: 0 | D66: 0 | E66: 0 | F66: 0 | H66: 0 | I66: 0 | J66: 0 | K66: 0
A67: 1990 | B67: 1 | C67: 2.5624809e-05 | D67: 0.29422121 | E67: 0.97680762 | F67: 1.3630716 | H67: 2.5624481e-05 | I67: 0.25488835 | J67: 0.62348885 | K67: 2 | P67: 4.1098539e-05 | Q67: 0.4088098 | R67: 1 | S67: 3.2077558
A68: 1990 | B68: 2 | C68: 3.2832933e-05 | D68: 0.54276811 | E68: 2.1211065 | F68: 2.6788813 | H68: 3.2832394e-05 | I68: 0.41886263 | J68: 2 | K68: 2 | P68: 1.6416197e-05 | Q68: 0.20943132 | R68: 1 | S68: 1
A69: 1990 | B69: 3 | C69: 0.012333364 | D69: 0.03215709 | E69: 0.0086328823 | F69: 0.016905072 | H69: 0.01225762 | I69: 0.031645549 | J69: 0.008595726 | K69: 0.016762983 | P69: 1.4260134 | Q69: 3.6815446 | R69: 1 | S69: 1.9501532
A70: 1990 | B70: 4 | C70: 0 | D70: 0 | E70: 0 | F70: 0 | H70: 0 | I70: 0 | J70: 0 | K70: 0
A71: 1991 | B71: 1 | C71: 0.00038686508 | D71: 0.1296966 | E71: 2.4358618 | F71: 0.071558249 | H71: 0.00038679026 | I71: 0.12163812 | J71: 2 | K71: 0.06905795 | P71: 0.00019339513 | Q71: 0.060819058 | R71: 1 | S71: 0.034528975
A72: 1991 | B72: 2 | C72: 0.023466378 | D72: 0.41684178 | E72: 1.2135491 | F72: 0.15785747 | H72: 0.023193184 | I72: 0.3408748 | J72: 2 | K72: 0.14602851 | P72: 0.011596592 | Q72: 0.1704374 | R72: 1 | S72: 0.073014256
A73: 1991 | B73: 3 | C73: 0.0047544201 | D73: 0.014197786 | E73: 0.0040831448 | F73: 0.0033014306 | H73: 0.0047431357 | I73: 0.014097473 | J73: 0.0040748201 | K73: 0.0032959869 | P73: 1.1640111 | Q73: 3.4596553 | R73: 1 | S73: 0.80886685
A74: 1991 | B74: 4 | C74: 0 | D74: 0 | E74: 0 | F74: 0 | H74: 0 | I74: 0 | J74: 0 | K74: 0
A75: 1992 | B75: 1 | C75: 0.0001856464 | D75: 0.39343848 | E75: 0.5228299 | F75: 1.1378921 | H75: 0.00018562917 | I75: 0.32526717 | J75: 0.40715951 | K75: 2 | P75: 0.00045591265 | Q75: 0.79886916 | R75: 1 | S75: 4.9120798
A76: 1992 | B76: 2 | C76: 0.0033579391 | D76: 0.089416256 | E76: 0.106882 | F76: 0.20660753 | H76: 0.0033523076 | I76: 0.085535157 | J76: 0.10136829 | K76: 0.1866612 | P76: 0.033070574 | Q76: 0.84380586 | R76: 1 | S76: 1.8414161
A77: 1992 | B77: 3 | C77: 0.028044003 | D77: 0.18603629 | E77: 0.45941808 | F77: 0.16207713 | H77: 0.02765442 | I77: 0.16975653 | J77: 0.36834889 | K77: 0.14962438 | P77: 0.075076702 | Q77: 0.460858 | R77: 1 | S77: 0.40620289
A78: 1992 | B78: 4 | C78: 0 | D78: 0 | E78: 0 | F78: 0 | H78: 0 | I78: 0 | J78: 0 | K78: 0
A79: 1993 | B79: 1 | C79: 0.0019690011 | D79: 0.11529121 | E79: 1.1269962 | F79: 0.7566471 | H79: 0.0019670639 | I79: 0.10889339 | J79: 2 | K79: 0.5307629 | P79: 0.00098353194 | Q79: 0.054446697 | R79: 1 | S79: 0.26538145
A80: 1993 | B80: 2 | C80: 0.016285258 | D80: 0.40866454 | E80: 0.72458326 | F80: 0.23261235 | H80: 0.01615337 | I80: 0.33546288 | J80: 0.51547355 | K80: 0.20753929 | P80: 0.031336953 | Q80: 0.65078582 | R80: 1 | S80: 0.40261869
A81: 1993 | B81: 3 | C81: 0.028866312 | D81: 0.2684837 | E81: 0.62826137 | F81: 1.1660567 | H81: 0.02845366 | I81: 0.23546212 | J81: 0.46648142 | K81: 2 | P81: 0.060996342 | Q81: 0.50476205 | R81: 1 | S81: 4.2874163
A82: 1993 | B82: 4 | C82: 0 | D82: 0 | E82: 0 | F82: 0 | H82: 0 | I82: 0 | J82: 0 | K82: 0
A83: 1994 | B83: 1 | C83: 0.0037750369 | D83: 1.0795033 | E83: 0.14325182 | F83: 0.36003345 | H83: 0.0037679204 | I83: 2 | J83: 0.13346417 | K83: 0.30234701 | P83: 0.0282317 | Q83: 14.985295 | R83: 1 | S83: 2.2653796
A84: 1994 | B84: 2 | C84: 0.024675533 | D84: 0.34633496 | E84: 0.79092396 | F84: 0.9698003 | H84: 0.024373581 | I84: 0.29272447 | J84: 0.54657434 | K84: 0.62084125 | P84: 0.04459335 | Q84: 0.53556203 | R84: 1 | S84: 1.135877
A85: 1994 | B85: 3 | C85: 0.014980288 | D85: 0.21415635 | E85: 0.62076562 | F85: 0.3243616 | H85: 0.014868642 | I85: 0.19277784 | J85: 0.46246727 | K85: 0.27701124 | P85: 0.032150691 | Q85: 0.41684644 | R85: 1 | S85: 0.59898561
A86: 1994 | B86: 4 | C86: 0 | D86: 0 | E86: 0 | F86: 0 | H86: 0 | I86: 0 | J86: 0 | K86: 0
A87: 1995 | B87: 1 | C87: 0.004948326 | D87: 0.74603233 | E87: 0.39154253 | F87: 0.6606512 | H87: 0.0049361032 | I87: 0.52575553 | J87: 0.3239867 | K87: 0.48348513 | P87: 0.015235512 | Q87: 1.6227689 | R87: 1 | S87: 1.4922993
A88: 1995 | B88: 2 | C88: 0.028017048 | D88: 0.57270844 | E88: 0.89183902 | F88: 2.1357282 | H88: 0.02762821 | I88: 0.43600418 | J88: 0.59009876 | K88: 2 | P88: 0.046819638 | Q88: 0.73886646 | R88: 1 | S88: 3.3892632
A89: 1995 | B89: 3 | C89: 0.11433207 | D89: 0.52559317 | E89: 0.53583073 | F89: 1.8570228 | H89: 0.10803829 | I89: 0.40879542 | J89: 0.41481704 | K89: 2 | P89: 0.26044804 | Q89: 0.98548368 | R89: 1 | S89: 4.8214027
A90: 1995 | B90: 4 | C90: 0 | D90: 0 | E90: 0 | F90: 0 | H90: 0 | I90: 0 | J90: 0 | K90: 0
A91: 1996 | B91: 1 | C91: 0.0047301136 | D91: 0.024059479 | E91: 0.16565012 | F91: 0.51825261 | H91: 0.0047189443 | I91: 0.023772357 | J91: 0.15265735 | K91: 0.40443969 | P91: 0.030912001 | Q91: 0.15572363 | R91: 1 | S91: 2.6493299
A92: 1996 | B92: 2 | C92: 0.027200176 | D92: 0.16388391 | E92: 1.0434066 | F92: 3.5578982 | H92: 0.026833582 | I92: 0.15115944 | J92: 2 | K92: 2 | P92: 0.013416791 | Q92: 0.075579722 | R92: 1 | S92: 1
A93: 1996 | B93: 3 | C93: 0.062579763 | D93: 0.10439871 | E93: 0.15325764 | F93: 0.57226368 | H93: 0.060661865 | I93: 0.09913396 | J93: 0.14209133 | K93: 0.43575328 | P93: 0.42692163 | Q93: 0.69767773 | R93: 1 | S93: 3.0667126
A94: 1996 | B94: 4 | C94: 0 | D94: 0 | E94: 0 | F94: 0 | H94: 0 | I94: 0 | J94: 0 | K94: 0
A95: 1997 | B95: 1 | C95: 0.00011904366 | D95: 0.13714216 | E95: 0.077377898 | F95: 0.4347608 | H95: 0.00011903658 | I95: 0.12815373 | J95: 0.074459972 | K95: 0.35258049 | P95: 0.0015986653 | Q95: 1.721109 | R95: 1 | S95: 4.7351681
A96: 1997 | B96: 2 | C96: 0.0041995045 | D96: 0.47888302 | E96: 1.2656441 | F96: 1.1072666 | H96: 0.0041906989 | I96: 0.38052505 | J96: 2 | K96: 2 | P96: 0.0020953495 | Q96: 0.19026253 | R96: 1 | S96: 1
A97: 1997 | B97: 3 | C97: 0.024770481 | D97: 0.12234023 | E97: 0.47362588 | F97: 0.41380992 | H97: 0.02446621 | I97: 0.11515273 | J97: 0.37725981 | K97: 0.33887339 | P97: 0.064852416 | Q97: 0.30523456 | R97: 1 | S97: 0.89824939
A98: 1997 | B98: 4 | C98: 0 | D98: 0 | E98: 0 | F98: 0 | H98: 0 | I98: 0 | J98: 0 | K98: 0
A99: 1998 | B99: 1 | C99: 0.00073583842 | D99: 0.23655637 | E99: 0.40746293 | F99: 0.87764784 | H99: 0.00073556775 | I99: 0.21065861 | J99: 0.33466389 | K99: 0.5842403 | P99: 0.0021979299 | Q99: 0.62946323 | R99: 1 | S99: 1.7457525
A100: 1998 | B100: 2 | C100: 0.0706842 | D100: 0.37851428 | E100: 0.99789951 | F100: 2.5857636 | H100: 0.068243905 | I100: 0.31512181 | J100: 0.63134702 | K100: 2 | P100: 0.10809254 | Q100: 0.49912615 | R100: 1 | S100: 3.16783
...
